{"_id": {"$oid": "5f26d23c1d774001f2af720f"}, "total_registro": 44, "total_pagado": 24, "total_por_pagado": 20, "total_credito": 0, "fecha": "20/07/2020", "created_at": {"$date": "2020-07-20T05:00:00Z"}, "created_format": "Jul 20"}
{"_id": {"$oid": "5f26d23d1d774001f2af7210"}, "total_registro": 261, "total_pagado": 239, "total_por_pagado": 22, "total_credito": 0, "fecha": "21/07/2020", "created_at": {"$date": "2020-07-21T05:00:00Z"}, "created_format": "Jul 21"}
{"_id": {"$oid": "5f26d23e1d774001f2af7211"}, "total_registro": 344, "total_pagado": 319, "total_por_pagado": 25, "total_credito": 0, "fecha": "22/07/2020", "created_at": {"$date": "2020-07-22T05:00:00Z"}, "created_format": "Jul 22"}
{"_id": {"$oid": "5f26d23f1d774001f2af7212"}, "total_registro": 244, "total_pagado": 214, "total_por_pagado": 30, "total_credito": 0, "fecha": "23/07/2020", "created_at": {"$date": "2020-07-23T05:00:00Z"}, "created_format": "Jul 23"}
{"_id": {"$oid": "5f26d2401d774001f2af7213"}, "total_registro": 51, "total_pagado": 47, "total_por_pagado": 4, "total_credito": 0, "fecha": "24/07/2020", "created_at": {"$date": "2020-07-24T05:00:00Z"}, "created_format": "Jul 24"}
{"_id": {"$oid": "5f26d2411d774001f2af7214"}, "total_registro": 95, "total_pagado": 81, "total_por_pagado": 14, "total_credito": 0, "fecha": "25/07/2020", "created_at": {"$date": "2020-07-25T05:00:00Z"}, "created_format": "Jul 25"}
{"_id": {"$oid": "5f26d2421d774001f2af7215"}, "total_registro": 12, "total_pagado": 11, "total_por_pagado": 1, "total_credito": 0, "fecha": "26/07/2020", "created_at": {"$date": "2020-07-26T05:00:00Z"}, "created_format": "Jul 26"}
{"_id": {"$oid": "5f26d2431d774001f2af7216"}, "total_registro": 25, "total_pagado": 20, "total_por_pagado": 5, "total_credito": 0, "fecha": "27/07/2020", "created_at": {"$date": "2020-07-27T05:00:00Z"}, "created_format": "Jul 27"}
{"_id": {"$oid": "5f26d2441d774001f2af7217"}, "total_registro": 232, "total_pagado": 202, "total_por_pagado": 30, "total_credito": 0, "fecha": "28/07/2020", "created_at": {"$date": "2020-07-28T05:00:00Z"}, "created_format": "Jul 28"}
{"_id": {"$oid": "5f26d2451d774001f2af7218"}, "total_registro": 201, "total_pagado": 190, "total_por_pagado": 11, "total_credito": 0, "fecha": "29/07/2020", "created_at": {"$date": "2020-07-29T05:00:00Z"}, "created_format": "Jul 29"}
{"_id": {"$oid": "5f26d2481d774001f2af7219"}, "total_registro": 141, "total_pagado": 122, "total_por_pagado": 19, "total_credito": 0, "fecha": "30/07/2020", "created_at": {"$date": "2020-07-30T05:00:00Z"}, "created_format": "Jul 30"}
{"_id": {"$oid": "5f26d2491d774001f2af721a"}, "total_registro": 261, "total_pagado": 216, "total_por_pagado": 42, "total_credito": 1, "fecha": "31/07/2020", "created_at": {"$date": "2020-07-31T05:00:00Z"}, "created_format": "Jul 31"}
{"_id": {"$oid": "5f29157d4578bdb7fcb344bf"}, "total_registro": 153, "total_pagado": 128, "total_por_pagado": 25, "total_credito": 0, "fecha": "01/08/2020", "created_at": {"$date": "2020-08-05T05:17:55.693Z"}, "created_format": "Aug 01"}
{"_id": {"$oid": "5f2915804578bdb7fcb344c0"}, "total_registro": 8, "total_pagado": 8, "total_por_pagado": 0, "total_credito": 0, "fecha": "02/08/2020", "created_at": {"$date": "2020-08-05T05:17:57.745Z"}, "created_format": "Aug 02"}
{"_id": {"$oid": "5f2915824578bdb7fcb344c1"}, "total_registro": 88, "total_pagado": 67, "total_por_pagado": 21, "total_credito": 0, "fecha": "03/08/2020", "created_at": {"$date": "2020-08-05T05:17:59.191Z"}, "created_format": "Aug 03"}
{"_id": {"$oid": "5f2915834578bdb7fcb344c2"}, "total_registro": 483, "total_pagado": 434, "total_por_pagado": 49, "total_credito": 0, "fecha": "04/08/2020", "created_at": {"$date": "2020-08-05T05:18:00.660Z"}, "created_format": "Aug 04"}
{"_id": {"$oid": "5f2a39c04578bdb7fcb34593"}, "total_registro": 351, "total_pagado": 331, "total_por_pagado": 20, "total_credito": 0, "fecha": "05/08/2020", "created_at": {"$date": "2020-08-06T03:51:00.161Z"}, "created_format": "Aug 05"}
{"_id": {"$oid": "5f2b943b4d3f09d4f8b9d5f1"}, "total_registro": 362, "total_pagado": 302, "total_por_pagado": 60, "total_credito": 0, "fecha": "06/08/2020", "created_at": {"$date": "2020-08-07T01:01:52.018Z"}, "created_format": "Aug 06"}
{"_id": {"$oid": "5f2d53b74d3f09d4f8b9d773"}, "total_registro": 330, "total_pagado": 278, "total_por_pagado": 52, "total_credito": 0, "fecha": "07/08/2020", "created_at": {"$date": "2020-08-08T00:28:41.044Z"}, "created_format": "Aug 07"}
{"_id": {"$oid": "5f2e32574d3f09d4f8b9d81b"}, "total_registro": 224, "total_pagado": 176, "total_por_pagado": 48, "total_credito": 0, "fecha": "08/08/2020", "created_at": {"$date": "2020-08-08T21:46:36.767Z"}, "created_format": "Aug 08"}
{"_id": {"$oid": "5f3007f14d3f09d4f8b9d84f"}, "total_registro": 34, "total_pagado": 31, "total_por_pagado": 3, "total_credito": 0, "fecha": "09/08/2020", "created_at": {"$date": "2020-08-10T01:34:15.475Z"}, "created_format": "Aug 09"}
{"_id": {"$oid": "5f30cd584d3f09d4f8b9d869"}, "total_registro": 157, "total_pagado": 109, "total_por_pagado": 48, "total_credito": 0, "fecha": "10/08/2020", "created_at": {"$date": "2020-08-11T03:46:14.888Z"}, "created_format": "Aug 10"}
{"_id": {"$oid": "5f321e924d3f09d4f8b9d8de"}, "total_registro": 375, "total_pagado": 274, "total_por_pagado": 101, "total_credito": 0, "fecha": "11/08/2020", "created_at": {"$date": "2020-08-12T03:30:21.482Z"}, "created_format": "Aug 11"}
{"_id": {"$oid": "5f337e004d3f09d4f8b9da9a"}, "total_registro": 401, "total_pagado": 337, "total_por_pagado": 64, "total_credito": 0, "fecha": "12/08/2020", "created_at": {"$date": "2020-08-13T03:33:23.594Z"}, "created_format": "Aug 12"}
{"_id": {"$oid": "5f34bf1a9a7fc6b60916b104"}, "total_registro": 372, "total_pagado": 301, "total_por_pagado": 71, "total_credito": 0, "fecha": "13/08/2020", "created_at": {"$date": "2020-08-14T03:47:05.588Z"}, "created_format": "Aug 13"}
{"_id": {"$oid": "5f360f3c9a7fc6b60916b1eb"}, "total_registro": 316, "total_pagado": 277, "total_por_pagado": 39, "total_credito": 0, "fecha": "14/08/2020", "created_at": {"$date": "2020-08-15T02:43:33.563Z"}, "created_format": "Aug 14"}
{"_id": {"$oid": "5f379b9d9a7fc6b60916b38a"}, "total_registro": 254, "total_pagado": 202, "total_por_pagado": 52, "total_credito": 0, "fecha": "15/08/2020", "created_at": {"$date": "2020-08-15T23:42:02.420Z"}, "created_format": "Aug 15"}
{"_id": {"$oid": "5f38b8499a7fc6b60916b3ac"}, "total_registro": 51, "total_pagado": 23, "total_por_pagado": 28, "total_credito": 0, "fecha": "16/08/2020", "created_at": {"$date": "2020-08-17T03:25:52.334Z"}, "created_format": "Aug 16"}
{"_id": {"$oid": "5f3a8cd79a7fc6b60916b3d1"}, "total_registro": 78, "total_pagado": 40, "total_por_pagado": 38, "total_credito": 0, "fecha": "17/08/2020", "created_at": {"$date": "2020-08-18T01:45:58.837Z"}, "created_format": "Aug 17"}
{"_id": {"$oid": "5f3b52e69a7fc6b60916b48a"}, "total_registro": 343, "total_pagado": 273, "total_por_pagado": 70, "total_credito": 0, "fecha": "18/08/2020", "created_at": {"$date": "2020-08-19T03:47:29.397Z"}, "created_format": "Aug 18"}
{"_id": {"$oid": "5f3cb1de9a7fc6b60916b578"}, "total_registro": 338, "total_pagado": 316, "total_por_pagado": 22, "total_credito": 0, "fecha": "19/08/2020", "created_at": {"$date": "2020-08-20T00:15:29.384Z"}, "created_format": "Aug 19"}
{"_id": {"$oid": "5f3e029b9a7fc6b60916b703"}, "total_registro": 314, "total_pagado": 265, "total_por_pagado": 49, "total_credito": 0, "fecha": "20/08/2020", "created_at": {"$date": "2020-08-21T02:39:06.829Z"}, "created_format": "Aug 20"}
{"_id": {"$oid": "5f3f6f4c9a7fc6b60916b845"}, "total_registro": 313, "total_pagado": 260, "total_por_pagado": 53, "total_credito": 0, "fecha": "21/08/2020", "created_at": {"$date": "2020-08-22T02:19:22.851Z"}, "created_format": "Aug 21"}
{"_id": {"$oid": "5f40a0b69a7fc6b60916b899"}, "total_registro": 304, "total_pagado": 261, "total_por_pagado": 43, "total_credito": 0, "fecha": "22/08/2020", "created_at": {"$date": "2020-08-22T23:51:07.580Z"}, "created_format": "Aug 22"}
{"_id": {"$oid": "5f41ee3d9a7fc6b60916b98e"}, "total_registro": 604, "total_pagado": 554, "total_por_pagado": 50, "total_credito": 0, "fecha": "23/08/2020", "created_at": {"$date": "2020-08-24T03:29:59.039Z"}, "created_format": "Aug 23"}
{"_id": {"$oid": "5f4354179a7fc6b60916bab1"}, "total_registro": 515, "total_pagado": 435, "total_por_pagado": 80, "total_credito": 0, "fecha": "24/08/2020", "created_at": {"$date": "2020-08-25T03:42:17.372Z"}, "created_format": "Aug 24"}
{"_id": {"$oid": "5f4504fb9a7fc6b60916bb91"}, "total_registro": 311, "total_pagado": 249, "total_por_pagado": 62, "total_credito": 0, "fecha": "25/08/2020", "created_at": {"$date": "2020-08-26T02:21:52.750Z"}, "created_format": "Aug 25"}
{"_id": {"$oid": "5f4611949a7fc6b60916bbfd"}, "total_registro": 204, "total_pagado": 158, "total_por_pagado": 46, "total_credito": 0, "fecha": "26/08/2020", "created_at": {"$date": "2020-08-27T00:49:19.384Z"}, "created_format": "Aug 26"}
{"_id": {"$oid": "5f4791f89a7fc6b60916bd3c"}, "total_registro": 392, "total_pagado": 300, "total_por_pagado": 92, "total_credito": 0, "fecha": "27/08/2020", "created_at": {"$date": "2020-08-28T02:06:19.927Z"}, "created_format": "Aug 27"}
{"_id": {"$oid": "5f489051a3fbf62dfc403b4a"}, "total_registro": 481, "total_pagado": 429, "total_por_pagado": 52, "total_credito": 0, "fecha": "28/08/2020", "created_at": {"$date": "2020-08-29T02:22:49.493Z"}, "created_format": "Aug 28"}
{"_id": {"$oid": "5f49d847d62d2a3ffa295b76"}, "total_registro": 167, "total_pagado": 153, "total_por_pagado": 14, "total_credito": 0, "fecha": "29/08/2020", "created_at": {"$date": "2020-08-30T03:48:54.148Z"}, "created_format": "Aug 29"}
{"_id": {"$oid": "5f4b2d61d62d2a3ffa295b78"}, "total_registro": 53, "total_pagado": 34, "total_por_pagado": 19, "total_credito": 0, "fecha": "30/08/2020", "created_at": {"$date": "2020-08-31T02:48:55.471Z"}, "created_format": "Aug 30"}
{"_id": {"$oid": "5f4c7cfdd62d2a3ffa295baf"}, "total_registro": 156, "total_pagado": 137, "total_por_pagado": 19, "total_credito": 0, "fecha": "31/08/2020", "created_at": {"$date": "2020-09-01T02:08:23.121Z"}, "created_format": "Aug 31"}
{"_id": {"$oid": "5f4e374bd62d2a3ffa295cf6"}, "total_registro": 414, "total_pagado": 370, "total_por_pagado": 44, "total_credito": 0, "fecha": "01/09/2020", "created_at": {"$date": "2020-09-02T02:13:33.658Z"}, "created_format": "Sep 01"}
{"_id": {"$oid": "5f4f8cf2d62d2a3ffa295e45"}, "total_registro": 477, "total_pagado": 415, "total_por_pagado": 62, "total_credito": 0, "fecha": "02/09/2020", "created_at": {"$date": "2020-09-03T03:30:11.567Z"}, "created_format": "Sep 02"}
{"_id": {"$oid": "5f507090d62d2a3ffa295f00"}, "total_registro": 828, "total_pagado": 741, "total_por_pagado": 87, "total_credito": 0, "fecha": "03/09/2020", "created_at": {"$date": "2020-09-04T03:00:21.385Z"}, "created_format": "Sep 03"}
{"_id": {"$oid": "5f51c05dd62d2a3ffa2961c1"}, "total_registro": 625, "total_pagado": 547, "total_por_pagado": 78, "total_credito": 0, "fecha": "04/09/2020", "created_at": {"$date": "2020-09-05T03:29:14.340Z"}, "created_format": "Sep 04"}
{"_id": {"$oid": "5f5315a3d62d2a3ffa2962be"}, "total_registro": 550, "total_pagado": 482, "total_por_pagado": 68, "total_credito": 0, "fecha": "05/09/2020", "created_at": {"$date": "2020-09-06T03:38:29.897Z"}, "created_format": "Sep 05"}
{"_id": {"$oid": "5f546a30112ce9db5081a42b"}, "total_registro": 260, "total_pagado": 240, "total_por_pagado": 20, "total_credito": 0, "fecha": "06/09/2020", "created_at": {"$date": "2020-09-07T04:41:49.392Z"}, "created_format": "Sep 06"}
{"_id": {"$oid": "5f55a25aa30f35f87a29fa06"}, "total_registro": 454, "total_pagado": 388, "total_por_pagado": 66, "total_credito": 0, "fecha": "07/09/2020", "created_at": {"$date": "2020-09-08T02:53:48.348Z"}, "created_format": "Sep 07"}
{"_id": {"$oid": "5f56f79aa30f35f87a29fb74"}, "total_registro": 626, "total_pagado": 544, "total_por_pagado": 82, "total_credito": 0, "fecha": "08/09/2020", "created_at": {"$date": "2020-09-09T03:45:38.082Z"}, "created_format": "Sep 08"}
{"_id": {"$oid": "5f584caea30f35f87a29fc8b"}, "total_registro": 669, "total_pagado": 623, "total_por_pagado": 46, "total_credito": 0, "fecha": "09/09/2020", "created_at": {"$date": "2020-09-10T02:25:41.781Z"}, "created_format": "Sep 09"}
{"_id": {"$oid": "5f599881a30f35f87a29fe00"}, "total_registro": 301, "total_pagado": 263, "total_por_pagado": 38, "total_credito": 0, "fecha": "10/09/2020", "created_at": {"$date": "2020-09-11T01:38:47.102Z"}, "created_format": "Sep 10"}
{"_id": {"$oid": "5f5af3f1a30f35f87a29fe30"}, "total_registro": 94, "total_pagado": 35, "total_por_pagado": 59, "total_credito": 0, "fecha": "11/09/2020", "created_at": {"$date": "2020-09-12T02:13:46.376Z"}, "created_format": "Sep 11"}
{"_id": {"$oid": "5f5cb3b5a30f35f87a29feae"}, "total_registro": 271, "total_pagado": 183, "total_por_pagado": 88, "total_credito": 0, "fecha": "12/09/2020", "created_at": {"$date": "2020-09-13T01:15:53.069Z"}, "created_format": "Sep 12"}
{"_id": {"$oid": "5f5df51da30f35f87a29ff1a"}, "total_registro": 168, "total_pagado": 158, "total_por_pagado": 10, "total_credito": 0, "fecha": "13/09/2020", "created_at": {"$date": "2020-09-14T02:59:34.744Z"}, "created_format": "Sep 13"}
{"_id": {"$oid": "5f5ededaa30f35f87a29ff8a"}, "total_registro": 297, "total_pagado": 266, "total_por_pagado": 31, "total_credito": 0, "fecha": "14/09/2020", "created_at": {"$date": "2020-09-15T02:37:52.777Z"}, "created_format": "Sep 14"}
{"_id": {"$oid": "5f60a2faa30f35f87a2a0065"}, "total_registro": 395, "total_pagado": 351, "total_por_pagado": 44, "total_credito": 0, "fecha": "15/09/2020", "created_at": {"$date": "2020-09-16T02:10:46.308Z"}, "created_format": "Sep 15"}
{"_id": {"$oid": "5f618bd2a30f35f87a2a00e2"}, "total_registro": 317, "total_pagado": 278, "total_por_pagado": 39, "total_credito": 0, "fecha": "16/09/2020", "created_at": {"$date": "2020-09-17T02:53:29.350Z"}, "created_format": "Sep 16"}
{"_id": {"$oid": "5f62dd7ca30f35f87a2a019f"}, "total_registro": 394, "total_pagado": 326, "total_por_pagado": 68, "total_credito": 0, "fecha": "17/09/2020", "created_at": {"$date": "2020-09-18T02:49:03.993Z"}, "created_format": "Sep 17"}
{"_id": {"$oid": "5f642a99a30f35f87a2a028b"}, "total_registro": 219, "total_pagado": 183, "total_por_pagado": 36, "total_credito": 0, "fecha": "18/09/2020", "created_at": {"$date": "2020-09-19T02:59:01.382Z"}, "created_format": "Sep 18"}
{"_id": {"$oid": "5f657623a30f35f87a2a0294"}, "total_registro": 20, "total_pagado": 17, "total_por_pagado": 3, "total_credito": 0, "fecha": "19/09/2020", "created_at": {"$date": "2020-09-20T00:02:53.764Z"}, "created_format": "Sep 19"}
{"_id": {"$oid": "5f66e4bda30f35f87a2a0296"}, "total_registro": 1, "total_pagado": 0, "total_por_pagado": 1, "total_credito": 0, "fecha": "20/09/2020", "created_at": {"$date": "2020-09-21T02:26:33.820Z"}, "created_format": "Sep 20"}
{"_id": {"$oid": "5f683bd4a30f35f87a2a0297"}, "total_registro": 189, "total_pagado": 148, "total_por_pagado": 41, "total_credito": 0, "fecha": "21/09/2020", "created_at": {"$date": "2020-09-22T01:59:31.424Z"}, "created_format": "Sep 21"}
{"_id": {"$oid": "5f697066a30f35f87a2a0363"}, "total_registro": 414, "total_pagado": 356, "total_por_pagado": 58, "total_credito": 0, "fecha": "22/09/2020", "created_at": {"$date": "2020-09-23T03:30:42.803Z"}, "created_format": "Sep 22"}
{"_id": {"$oid": "5f6ac99fa30f35f87a2a0416"}, "total_registro": 264, "total_pagado": 200, "total_por_pagado": 64, "total_credito": 0, "fecha": "23/09/2020", "created_at": {"$date": "2020-09-24T01:13:17.077Z"}, "created_format": "Sep 23"}
{"_id": {"$oid": "5f6c12c6a30f35f87a2a04a9"}, "total_registro": 208, "total_pagado": 167, "total_por_pagado": 41, "total_credito": 0, "fecha": "24/09/2020", "created_at": {"$date": "2020-09-25T02:36:47.903Z"}, "created_format": "Sep 24"}
{"_id": {"$oid": "5f6ddd59a30f35f87a2a04ef"}, "total_registro": 73, "total_pagado": 58, "total_por_pagado": 15, "total_credito": 0, "fecha": "25/09/2020", "created_at": {"$date": "2020-09-26T02:08:50.531Z"}, "created_format": "Sep 25"}
{"_id": {"$oid": "5f6ed6b5a30f35f87a2a0507"}, "total_registro": 93, "total_pagado": 81, "total_por_pagado": 12, "total_credito": 0, "fecha": "26/09/2020", "created_at": {"$date": "2020-09-27T01:45:04.652Z"}, "created_format": "Sep 26"}
{"_id": {"$oid": "5f707876a30f35f87a2a056f"}, "total_registro": 163, "total_pagado": 147, "total_por_pagado": 16, "total_credito": 0, "fecha": "27/09/2020", "created_at": {"$date": "2020-09-28T01:41:23.029Z"}, "created_format": "Sep 27"}
{"_id": {"$oid": "5f715abda30f35f87a2a059f"}, "total_registro": 129, "total_pagado": 116, "total_por_pagado": 13, "total_credito": 0, "fecha": "28/09/2020", "created_at": {"$date": "2020-09-29T03:54:09.245Z"}, "created_format": "Sep 28"}
{"_id": {"$oid": "5f72b6dfa30f35f87a2a0616"}, "total_registro": 328, "total_pagado": 298, "total_por_pagado": 30, "total_credito": 0, "fecha": "29/09/2020", "created_at": {"$date": "2020-09-30T02:59:44.874Z"}, "created_format": "Sep 29"}
{"_id": {"$oid": "5f74055ca30f35f87a2a06cb"}, "total_registro": 283, "total_pagado": 257, "total_por_pagado": 26, "total_credito": 0, "fecha": "30/09/2020", "created_at": {"$date": "2020-10-01T02:20:14.453Z"}, "created_format": "Sep 30"}
{"_id": {"$oid": "5f75bfaea30f35f87a2a073c"}, "total_registro": 261, "total_pagado": 220, "total_por_pagado": 41, "total_credito": 0, "fecha": "01/10/2020", "created_at": {"$date": "2020-10-02T02:56:50.260Z"}, "created_format": "Oct 01"}
{"_id": {"$oid": "5f76a024a30f35f87a2a07d8"}, "total_registro": 239, "total_pagado": 193, "total_por_pagado": 46, "total_credito": 0, "fecha": "02/10/2020", "created_at": {"$date": "2020-10-03T01:43:33.279Z"}, "created_format": "Oct 02"}
{"_id": {"$oid": "5f77eb74a30f35f87a2a0837"}, "total_registro": 95, "total_pagado": 87, "total_por_pagado": 8, "total_credito": 0, "fecha": "03/10/2020", "created_at": {"$date": "2020-10-04T00:50:22.569Z"}, "created_format": "Oct 03"}
{"_id": {"$oid": "5f79c681a30f35f87a2a0841"}, "total_registro": 43, "total_pagado": 36, "total_por_pagado": 7, "total_credito": 0, "fecha": "04/10/2020", "created_at": {"$date": "2020-10-05T02:21:36.511Z"}, "created_format": "Oct 04"}
{"_id": {"$oid": "5f7a9035a30f35f87a2a087a"}, "total_registro": 157, "total_pagado": 126, "total_por_pagado": 31, "total_credito": 0, "fecha": "05/10/2020", "created_at": {"$date": "2020-10-06T02:51:34.011Z"}, "created_format": "Oct 05"}
{"_id": {"$oid": "5f7be2a5a30f35f87a2a08cc"}, "total_registro": 382, "total_pagado": 326, "total_por_pagado": 56, "total_credito": 0, "fecha": "06/10/2020", "created_at": {"$date": "2020-10-07T02:21:20.103Z"}, "created_format": "Oct 06"}
{"_id": {"$oid": "5f7d414ca30f35f87a2a09fa"}, "total_registro": 283, "total_pagado": 237, "total_por_pagado": 46, "total_credito": 0, "fecha": "07/10/2020", "created_at": {"$date": "2020-10-08T03:08:27.416Z"}, "created_format": "Oct 07"}
{"_id": {"$oid": "5f7e8916a30f35f87a2a0a5a"}, "total_registro": 228, "total_pagado": 187, "total_por_pagado": 41, "total_credito": 0, "fecha": "08/10/2020", "created_at": {"$date": "2020-10-09T02:31:06.565Z"}, "created_format": "Oct 08"}
{"_id": {"$oid": "5f7fea03a30f35f87a2a0af2"}, "total_registro": 251, "total_pagado": 226, "total_por_pagado": 25, "total_credito": 0, "fecha": "09/10/2020", "created_at": {"$date": "2020-10-10T02:15:00.520Z"}, "created_format": "Oct 09"}
{"_id": {"$oid": "5f81250ea30f35f87a2a0ba1"}, "total_registro": 248, "total_pagado": 234, "total_por_pagado": 14, "total_credito": 0, "fecha": "10/10/2020", "created_at": {"$date": "2020-10-11T02:20:30.422Z"}, "created_format": "Oct 10"}
{"_id": {"$oid": "5f82766aa30f35f87a2a0be8"}, "total_registro": 11, "total_pagado": 11, "total_por_pagado": 0, "total_credito": 0, "fecha": "11/10/2020", "created_at": {"$date": "2020-10-12T01:59:44.564Z"}, "created_format": "Oct 11"}
{"_id": {"$oid": "5f84462ea30f35f87a2a0bf3"}, "total_registro": 68, "total_pagado": 37, "total_por_pagado": 31, "total_credito": 0, "fecha": "12/10/2020", "created_at": {"$date": "2020-10-13T02:35:16.790Z"}, "created_format": "Oct 12"}
{"_id": {"$oid": "5f852310a30f35f87a2a0c1e"}, "total_registro": 165, "total_pagado": 129, "total_por_pagado": 36, "total_credito": 0, "fecha": "13/10/2020", "created_at": {"$date": "2020-10-14T01:53:24.842Z"}, "created_format": "Oct 13"}
{"_id": {"$oid": "5f86739fa30f35f87a2a0cbe"}, "total_registro": 318, "total_pagado": 282, "total_por_pagado": 36, "total_credito": 0, "fecha": "14/10/2020", "created_at": {"$date": "2020-10-15T02:15:45.104Z"}, "created_format": "Oct 14"}
{"_id": {"$oid": "5f883322a30f35f87a2a0d58"}, "total_registro": 307, "total_pagado": 263, "total_por_pagado": 44, "total_credito": 0, "fecha": "15/10/2020", "created_at": {"$date": "2020-10-16T02:19:33.082Z"}, "created_format": "Oct 15"}
{"_id": {"$oid": "5f890dc4a30f35f87a2a0dec"}, "total_registro": 208, "total_pagado": 179, "total_por_pagado": 29, "total_credito": 0, "fecha": "16/10/2020", "created_at": {"$date": "2020-10-17T01:36:42.925Z"}, "created_format": "Oct 16"}
{"_id": {"$oid": "5f8a664da30f35f87a2a0e4d"}, "total_registro": 105, "total_pagado": 90, "total_por_pagado": 15, "total_credito": 0, "fecha": "17/10/2020", "created_at": {"$date": "2020-10-18T02:33:49.087Z"}, "created_format": "Oct 17"}
{"_id": {"$oid": "5f8bb158a30f35f87a2a0e55"}, "total_registro": 16, "total_pagado": 14, "total_por_pagado": 2, "total_credito": 0, "fecha": "18/10/2020", "created_at": {"$date": "2020-10-19T02:17:47.411Z"}, "created_format": "Oct 18"}
{"_id": {"$oid": "5f8d10a5a30f35f87a2a0e57"}, "total_registro": 173, "total_pagado": 147, "total_por_pagado": 26, "total_credito": 0, "fecha": "19/10/2020", "created_at": {"$date": "2020-10-20T12:37:04.009Z"}, "created_format": "Oct 19"}
{"_id": {"$oid": "5f8e66d5a30f35f87a2a0f08"}, "total_registro": 289, "total_pagado": 256, "total_por_pagado": 33, "total_credito": 0, "fecha": "20/10/2020", "created_at": {"$date": "2020-10-21T02:53:54.661Z"}, "created_format": "Oct 20"}
{"_id": {"$oid": "5f8f702ca30f35f87a2a0f32"}, "total_registro": 183, "total_pagado": 145, "total_por_pagado": 38, "total_credito": 0, "fecha": "21/10/2020", "created_at": {"$date": "2020-10-22T02:36:39.103Z"}, "created_format": "Oct 21"}
{"_id": {"$oid": "5f91256fa30f35f87a2a0fcb"}, "total_registro": 135, "total_pagado": 99, "total_por_pagado": 36, "total_credito": 0, "fecha": "22/10/2020", "created_at": {"$date": "2020-10-23T03:09:15.942Z"}, "created_format": "Oct 22"}
{"_id": {"$oid": "5f9247b7a30f35f87a2a0fff"}, "total_registro": 90, "total_pagado": 66, "total_por_pagado": 24, "total_credito": 0, "fecha": "23/10/2020", "created_at": {"$date": "2020-10-24T02:02:31.965Z"}, "created_format": "Oct 23"}
{"_id": {"$oid": "5f93bf8fa30f35f87a2a101b"}, "total_registro": 88, "total_pagado": 76, "total_por_pagado": 12, "total_credito": 0, "fecha": "24/10/2020", "created_at": {"$date": "2020-10-24T23:54:08.721Z"}, "created_format": "Oct 24"}
{"_id": {"$oid": "5f94eda7a30f35f87a2a1056"}, "total_registro": 0, "total_pagado": 0, "total_por_pagado": 0, "total_credito": 0, "fecha": "25/10/2020", "created_at": {"$date": "2020-10-26T04:33:09.428Z"}, "created_format": "Oct 25"}
{"_id": {"$oid": "5f96bed39734344334390ff8"}, "total_registro": 32, "total_pagado": 16, "total_por_pagado": 16, "total_credito": 0, "fecha": "26/10/2020", "created_at": {"$date": "2020-10-27T02:42:42.789Z"}, "created_format": "Oct 26"}
{"_id": {"$oid": "5f979c8a9734344334391030"}, "total_registro": 85, "total_pagado": 58, "total_por_pagado": 27, "total_credito": 0, "fecha": "27/10/2020", "created_at": {"$date": "2020-10-28T01:55:05.213Z"}, "created_format": "Oct 27"}
{"_id": {"$oid": "5f98e3d59734344334391063"}, "total_registro": 63, "total_pagado": 40, "total_por_pagado": 23, "total_credito": 0, "fecha": "28/10/2020", "created_at": {"$date": "2020-10-29T02:33:42.421Z"}, "created_format": "Oct 28"}
{"_id": {"$oid": "5f9a33669734344334391078"}, "total_registro": 79, "total_pagado": 42, "total_por_pagado": 37, "total_credito": 0, "fecha": "29/10/2020", "created_at": {"$date": "2020-10-30T03:32:22.367Z"}, "created_format": "Oct 29"}
{"_id": {"$oid": "5f9b841c97343443343910b0"}, "total_registro": 48, "total_pagado": 25, "total_por_pagado": 23, "total_credito": 0, "fecha": "30/10/2020", "created_at": {"$date": "2020-10-30T23:13:37.404Z"}, "created_format": "Oct 30"}
{"_id": {"$oid": "5f9d5a5397343443343910f5"}, "total_registro": 73, "total_pagado": 56, "total_por_pagado": 17, "total_credito": 0, "fecha": "31/10/2020", "created_at": {"$date": "2020-11-01T02:58:15.677Z"}, "created_format": "Oct 31"}
{"_id": {"$oid": "5f9e2ea897343443343910fa"}, "total_registro": 7, "total_pagado": 5, "total_por_pagado": 2, "total_credito": 0, "fecha": "01/11/2020", "created_at": {"$date": "2020-11-02T00:43:36.858Z"}, "created_format": "Nov 01"}
{"_id": {"$oid": "5f9f7aa697343443343910fb"}, "total_registro": 32, "total_pagado": 19, "total_por_pagado": 13, "total_credito": 0, "fecha": "02/11/2020", "created_at": {"$date": "2020-11-03T00:21:58.831Z"}, "created_format": "Nov 02"}
{"_id": {"$oid": "5fa0cac89734344334391131"}, "total_registro": 169, "total_pagado": 116, "total_por_pagado": 53, "total_credito": 0, "fecha": "03/11/2020", "created_at": {"$date": "2020-11-04T02:47:44.559Z"}, "created_format": "Nov 03"}
{"_id": {"$oid": "5fa2240697343443343911b7"}, "total_registro": 138, "total_pagado": 109, "total_por_pagado": 29, "total_credito": 0, "fecha": "04/11/2020", "created_at": {"$date": "2020-11-05T02:34:36.954Z"}, "created_format": "Nov 04"}
{"_id": {"$oid": "5fa3dbca97343443343911e2"}, "total_registro": 167, "total_pagado": 98, "total_por_pagado": 69, "total_credito": 0, "fecha": "05/11/2020", "created_at": {"$date": "2020-11-06T02:29:05.391Z"}, "created_format": "Nov 05"}
{"_id": {"$oid": "5fa4a5469734344334391247"}, "total_registro": 140, "total_pagado": 83, "total_por_pagado": 57, "total_credito": 0, "fecha": "06/11/2020", "created_at": {"$date": "2020-11-07T02:36:36.167Z"}, "created_format": "Nov 06"}
{"_id": {"$oid": "5fa60e8997343443343912ae"}, "total_registro": 96, "total_pagado": 73, "total_por_pagado": 23, "total_credito": 0, "fecha": "07/11/2020", "created_at": {"$date": "2020-11-08T01:20:41.227Z"}, "created_format": "Nov 07"}
{"_id": {"$oid": "5fa7616f97343443343912b3"}, "total_registro": 28, "total_pagado": 15, "total_por_pagado": 13, "total_credito": 0, "fecha": "08/11/2020", "created_at": {"$date": "2020-11-09T02:04:21.312Z"}, "created_format": "Nov 08"}
{"_id": {"$oid": "5fa8bfa897343443343912b4"}, "total_registro": 21, "total_pagado": 14, "total_por_pagado": 7, "total_credito": 0, "fecha": "09/11/2020", "created_at": {"$date": "2020-11-10T01:48:32.171Z"}, "created_format": "Nov 09"}
{"_id": {"$oid": "5faa6f6e973434433439130f"}, "total_registro": 113, "total_pagado": 68, "total_por_pagado": 45, "total_credito": 0, "fecha": "10/11/2020", "created_at": {"$date": "2020-11-11T02:03:41.742Z"}, "created_format": "Nov 10"}
{"_id": {"$oid": "5fab55e09734344334391337"}, "total_registro": 84, "total_pagado": 50, "total_por_pagado": 34, "total_credito": 0, "fecha": "11/11/2020", "created_at": {"$date": "2020-11-12T00:20:02.621Z"}, "created_format": "Nov 11"}
{"_id": {"$oid": "5facb2e8973434433439134e"}, "total_registro": 102, "total_pagado": 67, "total_por_pagado": 35, "total_credito": 0, "fecha": "12/11/2020", "created_at": {"$date": "2020-11-13T02:40:04.224Z"}, "created_format": "Nov 12"}
{"_id": {"$oid": "5fadc6749734344334391371"}, "total_registro": 73, "total_pagado": 53, "total_por_pagado": 20, "total_credito": 0, "fecha": "13/11/2020", "created_at": {"$date": "2020-11-14T02:37:19.218Z"}, "created_format": "Nov 13"}
{"_id": {"$oid": "5faf4e9197343443343913ea"}, "total_registro": 32, "total_pagado": 28, "total_por_pagado": 4, "total_credito": 0, "fecha": "14/11/2020", "created_at": {"$date": "2020-11-14T18:58:08.904Z"}, "created_format": "Nov 14"}
{"_id": {"$oid": "5fb09bf797343443343913fd"}, "total_registro": 16, "total_pagado": 13, "total_por_pagado": 3, "total_credito": 0, "fecha": "15/11/2020", "created_at": {"$date": "2020-11-16T00:56:47.994Z"}, "created_format": "Nov 15"}
{"_id": {"$oid": "5fb1fe5d97343443343913fe"}, "total_registro": 59, "total_pagado": 49, "total_por_pagado": 10, "total_credito": 0, "fecha": "16/11/2020", "created_at": {"$date": "2020-11-17T02:04:27.092Z"}, "created_format": "Nov 16"}
{"_id": {"$oid": "5fb3ce49973434433439142f"}, "total_registro": 116, "total_pagado": 72, "total_por_pagado": 44, "total_credito": 0, "fecha": "17/11/2020", "created_at": {"$date": "2020-11-18T02:18:04.930Z"}, "created_format": "Nov 17"}
{"_id": {"$oid": "5fb50bc3973434433439145e"}, "total_registro": 165, "total_pagado": 136, "total_por_pagado": 29, "total_credito": 0, "fecha": "18/11/2020", "created_at": {"$date": "2020-11-19T04:34:17.690Z"}, "created_format": "Nov 18"}
{"_id": {"$oid": "5fb5d50c973434433439147d"}, "total_registro": 124, "total_pagado": 113, "total_por_pagado": 11, "total_credito": 0, "fecha": "19/11/2020", "created_at": {"$date": "2020-11-20T01:15:28.131Z"}, "created_format": "Nov 19"}
{"_id": {"$oid": "5fb743579734344334391505"}, "total_registro": 57, "total_pagado": 35, "total_por_pagado": 22, "total_credito": 0, "fecha": "20/11/2020", "created_at": {"$date": "2020-11-21T01:00:16.746Z"}, "created_format": "Nov 20"}
{"_id": {"$oid": "5fb885a19734344334391529"}, "total_registro": 45, "total_pagado": 34, "total_por_pagado": 11, "total_credito": 0, "fecha": "21/11/2020", "created_at": {"$date": "2020-11-21T22:52:44.401Z"}, "created_format": "Nov 21"}
{"_id": {"$oid": "5fb9ef659734344334391549"}, "total_registro": 0, "total_pagado": 0, "total_por_pagado": 0, "total_credito": 0, "fecha": "22/11/2020", "created_at": {"$date": "2020-11-23T02:40:37.309Z"}, "created_format": "Nov 22"}
{"_id": {"$oid": "5fbb2bd6000a032ce0e157e1"}, "total_registro": 48, "total_pagado": 38, "total_por_pagado": 10, "total_credito": 0, "fecha": "23/11/2020", "created_at": {"$date": "2020-11-24T01:29:29.282Z"}, "created_format": "Nov 23"}
{"_id": {"$oid": "5fbc4264000a032ce0e15801"}, "total_registro": 107, "total_pagado": 79, "total_por_pagado": 28, "total_credito": 0, "fecha": "24/11/2020", "created_at": {"$date": "2020-11-25T04:15:26.332Z"}, "created_format": "Nov 24"}
{"_id": {"$oid": "5fbdba01000a032ce0e15830"}, "total_registro": 74, "total_pagado": 56, "total_por_pagado": 18, "total_credito": 0, "fecha": "25/11/2020", "created_at": {"$date": "2020-11-26T02:35:34.170Z"}, "created_format": "Nov 25"}
{"_id": {"$oid": "5fbf1f27000a032ce0e1587e"}, "total_registro": 31, "total_pagado": 25, "total_por_pagado": 6, "total_credito": 0, "fecha": "26/11/2020", "created_at": {"$date": "2020-11-27T01:18:56.078Z"}, "created_format": "Nov 26"}
{"_id": {"$oid": "5fc065ea000a032ce0e15893"}, "total_registro": 64, "total_pagado": 41, "total_por_pagado": 23, "total_credito": 0, "fecha": "27/11/2020", "created_at": {"$date": "2020-11-28T01:00:08.365Z"}, "created_format": "Nov 27"}
{"_id": {"$oid": "5fc1e7ac000a032ce0e158e2"}, "total_registro": 29, "total_pagado": 17, "total_por_pagado": 12, "total_credito": 0, "fecha": "28/11/2020", "created_at": {"$date": "2020-11-29T01:52:25.270Z"}, "created_format": "Nov 28"}
{"_id": {"$oid": "5fc307a1000a032ce0e158ec"}, "total_registro": 295, "total_pagado": 218, "total_por_pagado": 74, "total_credito": 1, "fecha": "29/11/2020", "created_at": {"$date": "2020-11-30T02:40:20.013Z"}, "created_format": "Nov 29"}
{"_id": {"$oid": "5fc47d20000a032ce0e158ef"}, "total_registro": 103, "total_pagado": 63, "total_por_pagado": 40, "total_credito": 0, "fecha": "30/11/2020", "created_at": {"$date": "2020-12-01T02:14:52.539Z"}, "created_format": "Nov 30"}
{"_id": {"$oid": "5fc57dc7000a032ce0e15917"}, "total_registro": 122, "total_pagado": 89, "total_por_pagado": 33, "total_credito": 0, "fecha": "01/12/2020", "created_at": {"$date": "2020-12-02T02:27:32.746Z"}, "created_format": "Dec 01"}
{"_id": {"$oid": "5fc6fc97000a032ce0e15984"}, "total_registro": 87, "total_pagado": 54, "total_por_pagado": 33, "total_credito": 0, "fecha": "02/12/2020", "created_at": {"$date": "2020-12-02T21:04:15.667Z"}, "created_format": "Dec 02"}
