{"_id": {"$oid": "5f17eb88b14cba4660e1921a"}, "name": "SOKO BOX", "registro": 3, "created_at": {"$date": "2020-07-22T07:32:24.544Z"}, "last_modified": {"$date": "2020-07-22T07:32:24.544Z"}}
{"_id": {"$oid": "5f17eb8ab14cba4660e1921c"}, "name": "KAWAYI", "registro": 5, "created_at": {"$date": "2020-07-22T07:32:26.111Z"}, "last_modified": {"$date": "2020-07-22T07:32:26.111Z"}}
{"_id": {"$oid": "5f17eb8db14cba4660e19220"}, "name": "GOCY", "registro": 9, "created_at": {"$date": "2020-07-22T07:32:29.299Z"}, "last_modified": {"$date": "2020-07-22T07:32:29.299Z"}}
{"_id": {"$oid": "5f17eb8eb14cba4660e19221"}, "name": "ASTRID", "registro": 10, "created_at": {"$date": "2020-07-22T07:32:30.089Z"}, "last_modified": {"$date": "2020-07-22T07:32:30.089Z"}}
{"_id": {"$oid": "5f17eb8eb14cba4660e19222"}, "name": "SOFIA", "registro": 11, "created_at": {"$date": "2020-07-22T07:32:30.874Z"}, "last_modified": {"$date": "2020-07-22T07:32:30.874Z"}}
{"_id": {"$oid": "5f17eb8fb14cba4660e19223"}, "name": "GORROS.CL", "registro": 12, "created_at": {"$date": "2020-07-22T07:32:31.682Z"}, "last_modified": {"$date": "2020-07-22T07:32:31.682Z"}}
{"_id": {"$oid": "5f17eb90b14cba4660e19224"}, "name": "LOOKING", "registro": 13, "created_at": {"$date": "2020-07-22T07:32:32.463Z"}, "last_modified": {"$date": "2020-07-22T07:32:32.463Z"}}
{"_id": {"$oid": "5f17eb91b14cba4660e19225"}, "name": "DOGNITA", "registro": 14, "created_at": {"$date": "2020-07-22T07:32:33.259Z"}, "last_modified": {"$date": "2020-07-22T07:32:33.259Z"}}
{"_id": {"$oid": "5f17eb92b14cba4660e19226"}, "name": "ORIGINALVICO", "registro": 15, "created_at": {"$date": "2020-07-22T07:32:34.059Z"}, "last_modified": {"$date": "2020-07-22T07:32:34.059Z"}}
{"_id": {"$oid": "5f17eb92b14cba4660e19227"}, "name": "FOSTON", "registro": 16, "created_at": {"$date": "2020-07-22T07:32:34.853Z"}, "last_modified": {"$date": "2020-07-22T07:32:34.853Z"}}
{"_id": {"$oid": "5f17eb93b14cba4660e19228"}, "name": "EXCLUSIVE.CYD", "registro": 17, "created_at": {"$date": "2020-07-22T07:32:35.646Z"}, "last_modified": {"$date": "2020-07-22T07:32:35.646Z"}}
{"_id": {"$oid": "5f17eb94b14cba4660e19229"}, "name": "LUKARU", "registro": 18, "created_at": {"$date": "2020-07-22T07:32:36.417Z"}, "last_modified": {"$date": "2020-07-22T07:32:36.417Z"}}
{"_id": {"$oid": "5f17eb95b14cba4660e1922a"}, "name": "Edgar oviedo", "registro": 19, "created_at": {"$date": "2020-07-22T07:32:37.205Z"}, "last_modified": {"$date": "2020-07-22T07:32:37.205Z"}}
{"_id": {"$oid": "5f17eb96b14cba4660e1922b"}, "name": "Plateria exclusiva", "registro": 20, "created_at": {"$date": "2020-07-22T07:32:37.998Z"}, "last_modified": {"$date": "2020-07-22T07:32:37.998Z"}}
{"_id": {"$oid": "5f17eb96b14cba4660e1922c"}, "name": "Is beauty", "registro": 21, "created_at": {"$date": "2020-07-22T07:32:38.783Z"}, "last_modified": {"$date": "2020-07-22T07:32:38.783Z"}}
{"_id": {"$oid": "5f17eb97b14cba4660e1922d"}, "name": "Korova", "registro": 22, "created_at": {"$date": "2020-07-22T07:32:39.571Z"}, "last_modified": {"$date": "2020-07-22T07:32:39.571Z"}}
{"_id": {"$oid": "5f17eb98b14cba4660e1922e"}, "name": "Al hilo chip", "registro": 23, "created_at": {"$date": "2020-07-22T07:32:40.353Z"}, "last_modified": {"$date": "2020-07-22T07:32:40.353Z"}}
{"_id": {"$oid": "5f17eb99b14cba4660e1922f"}, "name": "OTROS", "registro": 24, "created_at": {"$date": "2020-07-22T07:32:41.141Z"}, "last_modified": {"$date": "2020-07-22T07:32:41.141Z"}}
{"_id": {"$oid": "5f18944bb14cba4660e1928b"}, "name": "BE CHIC", "registro": 25, "created_at": {"$date": "2020-07-22T19:32:27.603Z"}, "last_modified": {"$date": "2020-07-22T19:32:27.603Z"}}
{"_id": {"$oid": "5f1aea50b14cba4660e19424"}, "name": "PERRILLETAS", "registro": 28, "created_at": {"$date": "2020-07-24T14:04:00.943Z"}, "last_modified": {"$date": "2020-07-24T14:04:00.943Z"}}
{"_id": {"$oid": "5f21767f7ce5c616cf67dcdf"}, "name": "MARY.SHOPCL", "registro": 29, "created_at": {"$date": "2020-07-29T13:15:43.979Z"}, "last_modified": {"$date": "2020-07-29T13:15:43.979Z"}}
{"_id": {"$oid": "5f21a0877ce5c616cf67dce9"}, "name": "Cacao chips", "registro": 30, "created_at": {"$date": "2020-07-29T16:15:03.858Z"}, "last_modified": {"$date": "2020-07-29T16:15:03.858Z"}}
{"_id": {"$oid": "5f23773c7ce5c616cf67dda9"}, "name": "ENROLANDO.CL", "registro": 2, "created_at": {"$date": "2020-07-22T07:31:24.544Z"}, "last_modified": {"$date": "2020-07-22T07:31:24.544Z"}}
{"_id": {"$oid": "5f237e117ce5c616cf67ddaa"}, "name": "DRACO", "registro": 31, "created_at": {"$date": "2020-07-31T02:12:33.599Z"}, "last_modified": {"$date": "2020-07-31T02:12:33.599Z"}}
{"_id": {"$oid": "5f37e4889a7fc6b60916b399"}, "name": "MANDRA.TIENDAONLINE", "registro": 32, "created_at": {"$date": "2020-08-15T13:35:04.812Z"}, "last_modified": {"$date": "2020-08-15T13:35:04.812Z"}}
{"_id": {"$oid": "5f38895e9a7fc6b60916b3a8"}, "name": "M&P DETALLES ", "registro": 33, "created_at": {"$date": "2020-08-16T01:18:22.033Z"}, "last_modified": {"$date": "2020-08-16T01:18:22.033Z"}}
{"_id": {"$oid": "5f3bdc9c9a7fc6b60916b4c6"}, "name": "GOLDEN OPTIC", "registro": 34, "created_at": {"$date": "2020-08-18T13:50:20.116Z"}, "last_modified": {"$date": "2020-08-18T13:50:20.116Z"}}
{"_id": {"$oid": "5f3cba509a7fc6b60916b593"}, "name": "FUNKY ZONA ", "registro": 35, "created_at": {"$date": "2020-08-19T05:36:16.227Z"}, "last_modified": {"$date": "2020-08-19T05:36:16.227Z"}}
{"_id": {"$oid": "5f40c6a59a7fc6b60916b967"}, "name": "BAMBU", "registro": 36, "created_at": {"$date": "2020-08-22T07:17:57.882Z"}, "last_modified": {"$date": "2020-08-22T07:17:57.882Z"}}
{"_id": {"$oid": "5f44505f9a7fc6b60916bac5"}, "name": "YK STORE", "registro": 37, "created_at": {"$date": "2020-08-24T23:42:23.913Z"}, "last_modified": {"$date": "2020-08-24T23:42:23.913Z"}}
{"_id": {"$oid": "5f4479129a7fc6b60916bb57"}, "name": "GOLDEN OPTIC ", "registro": 38, "created_at": {"$date": "2020-08-25T02:36:02.544Z"}, "last_modified": {"$date": "2020-08-25T02:36:02.544Z"}}
{"_id": {"$oid": "5f4512179a7fc6b60916bb94"}, "name": "CARACOLITO", "registro": 39, "created_at": {"$date": "2020-08-25T13:28:55.171Z"}, "last_modified": {"$date": "2020-08-25T13:28:55.171Z"}}
{"_id": {"$oid": "5f4525759a7fc6b60916bb99"}, "name": "PERLABISU", "registro": 40, "created_at": {"$date": "2020-08-25T14:51:33.911Z"}, "last_modified": {"$date": "2020-08-25T14:51:33.911Z"}}
{"_id": {"$oid": "5f4669299a7fc6b60916bc24"}, "name": "TIENDA KALIPSO", "registro": 41, "created_at": {"$date": "2020-08-26T13:52:41.826Z"}, "last_modified": {"$date": "2020-08-26T13:52:41.826Z"}}
{"_id": {"$oid": "5f466edb9a7fc6b60916bc28"}, "name": "VENUS", "registro": 42, "created_at": {"$date": "2020-08-26T14:16:59.637Z"}, "last_modified": {"$date": "2020-08-26T14:16:59.637Z"}}
{"_id": {"$oid": "5f46f3289a7fc6b60916bc38"}, "name": "NUTRIFAST SPA", "registro": 43, "created_at": {"$date": "2020-08-26T23:41:28.872Z"}, "last_modified": {"$date": "2020-08-26T23:41:28.872Z"}}
{"_id": {"$oid": "5f46f3a29a7fc6b60916bc39"}, "name": "MISSFIT", "registro": 44, "created_at": {"$date": "2020-08-26T23:43:30.348Z"}, "last_modified": {"$date": "2020-08-26T23:43:30.348Z"}}
{"_id": {"$oid": "5f470cc19a7fc6b60916bc67"}, "name": "DIVINAS EXPRESSION", "registro": 45, "created_at": {"$date": "2020-08-27T01:30:41.373Z"}, "last_modified": {"$date": "2020-08-27T01:30:41.373Z"}}
{"_id": {"$oid": "5f485b929a7fc6b60916bd5d"}, "name": "AMBAR ACCESORIOS", "registro": 46, "created_at": {"$date": "2020-08-28T01:19:14.813Z"}, "last_modified": {"$date": "2020-08-28T01:19:14.813Z"}}
{"_id": {"$oid": "5f4da7d6d62d2a3ffa295c1f"}, "name": "MAGIC PET", "registro": 47, "created_at": {"$date": "2020-09-01T01:45:58.228Z"}, "last_modified": {"$date": "2020-09-01T01:45:58.228Z"}}
{"_id": {"$oid": "5f4e5aa5d62d2a3ffa295cfa"}, "name": "EL RINCON DE MARIANA ", "registro": 48, "created_at": {"$date": "2020-09-01T14:28:53.133Z"}, "last_modified": {"$date": "2020-09-01T14:28:53.133Z"}}
{"_id": {"$oid": "5f4eeed8d62d2a3ffa295d00"}, "name": "PERLASHORE", "registro": 50, "created_at": {"$date": "2020-09-02T01:01:12.644Z"}, "last_modified": {"$date": "2020-09-02T01:01:12.644Z"}}
{"_id": {"$oid": "5f4f3344d62d2a3ffa295e2f"}, "name": "SMILE PLANET", "registro": 51, "created_at": {"$date": "2020-09-02T05:53:08.155Z"}, "last_modified": {"$date": "2020-09-02T05:53:08.155Z"}}
{"_id": {"$oid": "5f4ff733d62d2a3ffa295e4e"}, "name": "Imp. Jyotis", "registro": 52, "created_at": {"$date": "2020-09-02T19:49:07.313Z"}, "last_modified": {"$date": "2020-09-02T19:49:07.313Z"}}
{"_id": {"$oid": "5f542faf112ce9db5081a3d2"}, "name": "SANTIAGO CHIC", "registro": 53, "created_at": {"$date": "2020-09-06T00:39:11.323Z"}, "last_modified": {"$date": "2020-09-06T00:39:11.323Z"}}
{"_id": {"$oid": "5f60b78fa30f35f87a2a0066"}, "name": "KALIPSO", "registro": 54, "created_at": {"$date": "2020-09-15T12:46:07.028Z"}, "last_modified": {"$date": "2020-09-15T12:46:07.028Z"}}
{"_id": {"$oid": "5f6152dfa30f35f87a2a00c5"}, "name": "BOMBONZINHO", "registro": 55, "created_at": {"$date": "2020-09-15T23:48:47.770Z"}, "last_modified": {"$date": "2020-09-15T23:48:47.770Z"}}
{"_id": {"$oid": "5f62a4e3a30f35f87a2a0109"}, "name": "INFIOVIET", "registro": 56, "created_at": {"$date": "2020-09-16T23:50:58.997Z"}, "last_modified": {"$date": "2020-09-16T23:50:58.997Z"}}
{"_id": {"$oid": "5f6a53a1a30f35f87a2a0372"}, "name": "Materitos.cl", "registro": 57, "created_at": {"$date": "2020-09-22T19:42:25.514Z"}, "last_modified": {"$date": "2020-09-22T19:42:25.514Z"}}
{"_id": {"$oid": "5f6aa186a30f35f87a2a03db"}, "name": "NENE CAMPEONES", "registro": 58, "created_at": {"$date": "2020-09-23T01:14:46.971Z"}, "last_modified": {"$date": "2020-09-23T01:14:46.971Z"}}
{"_id": {"$oid": "5f75ff04a30f35f87a2a0747"}, "name": "Matt_Style2020", "registro": 59, "created_at": {"$date": "2020-10-01T16:08:36.247Z"}, "last_modified": {"$date": "2020-10-01T16:08:36.247Z"}}
{"_id": {"$oid": "5f779358a30f35f87a2a07e3"}, "name": "Huellas_petshop_", "registro": 60, "created_at": {"$date": "2020-10-02T20:53:44.736Z"}, "last_modified": {"$date": "2020-10-02T20:53:44.736Z"}}
{"_id": {"$oid": "5f77c1a1a30f35f87a2a07ed"}, "name": "BEIA CRISTAL STORE", "registro": 61, "created_at": {"$date": "2020-10-03T00:11:13.813Z"}, "last_modified": {"$date": "2020-10-03T00:11:13.813Z"}}
{"_id": {"$oid": "5f7e29a0a30f35f87a2a09ff"}, "name": "TAKI TAKI", "registro": 62, "created_at": {"$date": "2020-10-07T20:48:32.309Z"}, "last_modified": {"$date": "2020-10-07T20:48:32.309Z"}}
{"_id": {"$oid": "5f7e7831a30f35f87a2a0a57"}, "name": "ZAER SAFADI", "registro": 63, "created_at": {"$date": "2020-10-08T02:23:45.517Z"}, "last_modified": {"$date": "2020-10-08T02:23:45.517Z"}}
{"_id": {"$oid": "5f81ad3fa30f35f87a2a0bd9"}, "name": "KIPI DETALLES ", "registro": 65, "created_at": {"$date": "2020-10-10T12:46:55.367Z"}, "last_modified": {"$date": "2020-10-10T12:46:55.367Z"}}
{"_id": {"$oid": "5f8629aba30f35f87a2a0c1f"}, "name": "Lo Quiero Yuli", "registro": 66, "created_at": {"$date": "2020-10-13T22:26:51.011Z"}, "last_modified": {"$date": "2020-10-13T22:26:51.011Z"}}
{"_id": {"$oid": "5f88a526a30f35f87a2a0d5c"}, "name": "LUANDVI", "registro": 67, "created_at": {"$date": "2020-10-15T19:38:14.858Z"}, "last_modified": {"$date": "2020-10-15T19:38:14.858Z"}}
{"_id": {"$oid": "5f8d8596a30f35f87a2a0e67"}, "name": "QUECOREANA", "registro": 68, "created_at": {"$date": "2020-10-19T12:24:54.706Z"}, "last_modified": {"$date": "2020-10-19T12:24:54.706Z"}}
{"_id": {"$oid": "5f8ed8b3a30f35f87a2a0f0e"}, "name": "SOY RADIANTE", "registro": 69, "created_at": {"$date": "2020-10-20T12:31:47.088Z"}, "last_modified": {"$date": "2020-10-20T12:31:47.088Z"}}
{"_id": {"$oid": "5f8f61b0a30f35f87a2a0f11"}, "name": "Casa contigo", "registro": 70, "created_at": {"$date": "2020-10-20T22:16:16.937Z"}, "last_modified": {"$date": "2020-10-20T22:16:16.937Z"}}
{"_id": {"$oid": "5f8f7d7fa30f35f87a2a0f5c"}, "name": "PRINT TELAS", "registro": 71, "created_at": {"$date": "2020-10-21T00:14:55.343Z"}, "last_modified": {"$date": "2020-10-21T00:14:55.343Z"}}
{"_id": {"$oid": "5f921756a30f35f87a2a0fe7"}, "name": "FRANCISCA PINO", "registro": 72, "created_at": {"$date": "2020-10-22T23:35:50.326Z"}, "last_modified": {"$date": "2020-10-22T23:35:50.326Z"}}
{"_id": {"$oid": "5f9839009734344334391046"}, "name": "ACCESORIOS OGAZ", "registro": 73, "created_at": {"$date": "2020-10-27T15:13:04.300Z"}, "last_modified": {"$date": "2020-10-27T15:13:04.300Z"}}
{"_id": {"$oid": "5f986f72973434433439104c"}, "name": "Liz Calderon", "registro": 74, "created_at": {"$date": "2020-10-27T19:05:22.704Z"}, "last_modified": {"$date": "2020-10-27T19:05:22.704Z"}}
{"_id": {"$oid": "5f9b74569734344334391095"}, "name": "TIENDITA DE GASPAR", "registro": 75, "created_at": {"$date": "2020-10-30T02:03:02.568Z"}, "last_modified": {"$date": "2020-10-30T02:03:02.568Z"}}
{"_id": {"$oid": "5f9ca84497343443343910cd"}, "name": "MUNDOCAJITAS.CL", "registro": 76, "created_at": {"$date": "2020-10-30T23:56:52.391Z"}, "last_modified": {"$date": "2020-10-30T23:56:52.391Z"}}
{"_id": {"$oid": "5fa00dbf97343443343910ff"}, "name": "RECOGIDA", "registro": 77, "created_at": {"$date": "2020-11-02T13:46:39.330Z"}, "last_modified": {"$date": "2020-11-02T13:46:39.330Z"}}
{"_id": {"$oid": "5fa0be6f973434433439111f"}, "name": "FLOKIMAIS", "registro": 78, "created_at": {"$date": "2020-11-03T02:20:31.401Z"}, "last_modified": {"$date": "2020-11-03T02:20:31.401Z"}}
{"_id": {"$oid": "5fa0c0cb9734344334391123"}, "name": "DARON STORE", "registro": 79, "created_at": {"$date": "2020-11-03T02:30:35.393Z"}, "last_modified": {"$date": "2020-11-03T02:30:35.393Z"}}
{"_id": {"$oid": "5fa0d4c69734344334391145"}, "name": "IPSOL IMPORTADORA", "registro": 80, "created_at": {"$date": "2020-11-03T03:55:50.492Z"}, "last_modified": {"$date": "2020-11-03T03:55:50.492Z"}}
{"_id": {"$oid": "5fa0d835973434433439114e"}, "name": "RAMON", "registro": 81, "created_at": {"$date": "2020-11-03T04:10:29.059Z"}, "last_modified": {"$date": "2020-11-03T04:10:29.059Z"}}
{"_id": {"$oid": "5fa2035c9734344334391189"}, "name": "AQUA TIEDYE", "registro": 82, "created_at": {"$date": "2020-11-04T01:26:52.572Z"}, "last_modified": {"$date": "2020-11-04T01:26:52.572Z"}}
{"_id": {"$oid": "5fa4447097343443343911fb"}, "name": "YAMIN CHILE LTDA", "registro": 83, "created_at": {"$date": "2020-11-05T18:29:04.034Z"}, "last_modified": {"$date": "2020-11-05T18:29:04.034Z"}}
{"_id": {"$oid": "5fa4803e97343443343911fd"}, "name": "TODO ONLINE ", "registro": 84, "created_at": {"$date": "2020-11-05T22:44:14.565Z"}, "last_modified": {"$date": "2020-11-05T22:44:14.565Z"}}
{"_id": {"$oid": "5fa49fd19734344334391234"}, "name": "PAPEL BONITO", "registro": 85, "created_at": {"$date": "2020-11-06T00:58:57.257Z"}, "last_modified": {"$date": "2020-11-06T00:58:57.257Z"}}
{"_id": {"$oid": "5fa55ebd9734344334391260"}, "name": "GIRBERTH ", "registro": 86, "created_at": {"$date": "2020-11-06T14:33:33.679Z"}, "last_modified": {"$date": "2020-11-06T14:33:33.679Z"}}
{"_id": {"$oid": "5fa5e0919734344334391263"}, "name": "Mis Cueros ", "registro": 87, "created_at": {"$date": "2020-11-06T23:47:29.175Z"}, "last_modified": {"$date": "2020-11-06T23:47:29.175Z"}}
{"_id": {"$oid": "5fa8c04897343443343912b5"}, "name": "CETORTILLAS.CL ", "registro": 88, "created_at": {"$date": "2020-11-09T04:06:32.273Z"}, "last_modified": {"$date": "2020-11-09T04:06:32.273Z"}}
{"_id": {"$oid": "5fa8c04a97343443343912b6"}, "name": "", "registro": 89, "created_at": {"$date": "2020-11-09T04:06:34.451Z"}, "last_modified": {"$date": "2020-11-09T04:06:34.451Z"}}
{"_id": {"$oid": "5fa9d80397343443343912bc"}, "name": "PATINESCHILE", "registro": 90, "created_at": {"$date": "2020-11-10T00:00:03.563Z"}, "last_modified": {"$date": "2020-11-10T00:00:03.563Z"}}
{"_id": {"$oid": "5faa0c5e97343443343912d8"}, "name": "OUTLEKFITCHILE", "registro": 91, "created_at": {"$date": "2020-11-10T03:43:26.621Z"}, "last_modified": {"$date": "2020-11-10T03:43:26.621Z"}}
{"_id": {"$oid": "5faa70619734344334391310"}, "name": "MCBOEXPORT", "registro": 92, "created_at": {"$date": "2020-11-10T10:50:09.144Z"}, "last_modified": {"$date": "2020-11-10T10:50:09.144Z"}}
{"_id": {"$oid": "5fabec8e9734344334391343"}, "name": "TIENDACUCHI", "registro": 93, "created_at": {"$date": "2020-11-11T13:52:14.140Z"}, "last_modified": {"$date": "2020-11-11T13:52:14.140Z"}}
{"_id": {"$oid": "5fad33ba973434433439135d"}, "name": "LUNA STORE CHILE", "registro": 94, "created_at": {"$date": "2020-11-12T13:08:10.018Z"}, "last_modified": {"$date": "2020-11-12T13:08:10.018Z"}}
{"_id": {"$oid": "5fae7eea97343443343913b6"}, "name": "PANDA BEBE", "registro": 95, "created_at": {"$date": "2020-11-13T12:41:14.785Z"}, "last_modified": {"$date": "2020-11-13T12:41:14.785Z"}}
{"_id": {"$oid": "5fae80dc97343443343913b8"}, "name": "JOYAS MATILDE", "registro": 96, "created_at": {"$date": "2020-11-13T12:49:32.907Z"}, "last_modified": {"$date": "2020-11-13T12:49:32.907Z"}}
{"_id": {"$oid": "5fae8cf297343443343913bb"}, "name": "GRUPO IMPORTACIONES CHILE", "registro": 97, "created_at": {"$date": "2020-11-13T13:41:06.764Z"}, "last_modified": {"$date": "2020-11-13T13:41:06.764Z"}}
{"_id": {"$oid": "5fb533fe9734344334391461"}, "name": "CON AMOR EXPRESS", "registro": 98, "created_at": {"$date": "2020-11-18T14:47:26.267Z"}, "last_modified": {"$date": "2020-11-18T14:47:26.267Z"}}
{"_id": {"$oid": "5fb5dc0997343443343914aa"}, "name": "BODY EXTRA LINDAS", "registro": 99, "created_at": {"$date": "2020-11-19T02:44:25.396Z"}, "last_modified": {"$date": "2020-11-19T02:44:25.396Z"}}
{"_id": {"$oid": "5fbbc8ca000a032ce0e157f7"}, "name": "CAMILA", "registro": 100, "created_at": {"$date": "2020-11-23T14:35:54.564Z"}, "last_modified": {"$date": "2020-11-23T14:35:54.564Z"}}
{"_id": {"$oid": "5fbe5e38000a032ce0e1586b"}, "name": "CICASKINCARE.CL", "registro": 101, "created_at": {"$date": "2020-11-25T13:38:00.991Z"}, "last_modified": {"$date": "2020-11-25T13:38:00.991Z"}}
{"_id": {"$oid": "5fc15e48000a032ce0e158d0"}, "name": "ZIIMA LTDA", "registro": 102, "created_at": {"$date": "2020-11-27T20:15:04.137Z"}, "last_modified": {"$date": "2020-11-27T20:15:04.137Z"}}
{"_id": {"$oid": "5fc554ef000a032ce0e15905"}, "name": "LUCIA ", "registro": 103, "created_at": {"$date": "2020-11-30T20:24:15.908Z"}, "last_modified": {"$date": "2020-11-30T20:24:15.908Z"}}
{"_id": {"$oid": "5fc6f76a000a032ce0e15976"}, "name": "AY CARAMBA ", "registro": 104, "created_at": {"$date": "2020-12-02T02:09:46.544Z"}, "last_modified": {"$date": "2020-12-02T02:09:46.544Z"}}
{"_id": {"$oid": "5fc6fa0e000a032ce0e1597e"}, "name": "BLOSSOM ", "registro": 105, "created_at": {"$date": "2020-12-02T02:21:02.736Z"}, "last_modified": {"$date": "2020-12-02T02:21:02.736Z"}}
{"_id": {"$oid": "5fc6fa10000a032ce0e1597f"}, "name": "", "registro": 106, "created_at": {"$date": "2020-12-02T02:21:04.397Z"}, "last_modified": {"$date": "2020-12-02T02:21:04.397Z"}}
