{"_id": {"$oid": "5ee840f4fd9f952a40e406f7"}, "username": "Miguelacho", "name": "Miguel Rodriguez", "phone": "965778450", "dni": "001811517", "password": "$2b$12$iniOOIKV1echYBiE6VgJ0ePZFGap5xdnSkWNepVxNyiKYy800AlRa", "email": "miguekos1233@gmail.com", "rol": "1", "codRes": "00", "created_at": "2020-06-16T03:48:04.639000", "last_modified": "2020-06-16T03:48:04.639000", "id_": "5ee840f4fd9f952a40e406f7", "nameproveedor": null, "proveedor": null}
{"_id": {"$oid": "5ee87988e6d77d0e2e6ea91a"}, "username": "AlexKOs", "name": "Alex R", "phone": "123124123", "dni": "123123123", "password": "$2b$12$RoBHj586UNj6vMuH/fGqt.nXZCTAqX99sIkPK.tBjBtX98lBLBsC6", "email": "admin@admin.com", "rol": "2", "codRes": "00", "created_at": {"$date": "2020-06-16T07:49:28.552Z"}, "last_modified": {"$date": "2020-06-16T07:49:28.552Z"}}
{"_id": {"$oid": "5ee8edbce6d77d0e2e6ea91b"}, "username": "sah", "name": "Simon", "phone": "988514994", "dni": "271423330", "password": "$2b$12$MilToEexX7jQ3P2kKz3a4OnYeKIEe5JDmsztPIgq1J9SMo94KBGry", "email": "kumvaxd@gmail.com", "rol": "1", "codRes": "00", "created_at": "2020-06-16T16:05:16.547000", "last_modified": "2020-06-16T16:05:16.547000", "id_": "5ee8edbce6d77d0e2e6ea91b", "nameproveedor": null, "proveedor": null}
{"_id": {"$oid": "5f0bce4748b4a52b2f8d89e1"}, "username": "jose", "name": "jose gonzalez", "phone": "948498578", "dni": "111111111", "password": "$2b$12$b4bNQUZaGqhi2mORUM.TbeTx9RZoiSyUdAISNJlFoX0N7Gl.x5eXK", "email": "jose@gmail.com", "rol": "1", "codRes": "00", "created_at": {"$date": "2020-07-13T03:00:23.626Z"}, "last_modified": {"$date": "2020-07-13T03:00:23.626Z"}}
{"_id": {"$oid": "5f0c8de648b4a52b2f8d89e3"}, "username": "rafael", "name": "rafael nunez", "phone": "940287508", "dni": "18921427", "password": "$2b$12$mJ07axinORwEgjTmdA4JfukzN8SyzZ4iixb11g4kBLF0o9TS3fqQ2", "email": "rfernandez2488@gmail.com", "rol": "2", "codRes": "00", "created_at": {"$date": "2020-07-13T16:37:58.672Z"}, "last_modified": {"$date": "2020-07-13T16:37:58.672Z"}}
{"_id": {"$oid": "5f0c8e2248b4a52b2f8d89e4"}, "username": "pedro", "name": "pedro urbina", "phone": "984283014", "dni": "105042909", "password": "$2b$12$FzRXHBeDsMdI9Evhr4rmA.Dl2M8jtoXDtcWsLj/NWqLLvSZLEBZuO", "email": "pedrourbina85@gmail.com", "rol": "2", "codRes": "00", "created_at": {"$date": "2020-07-13T16:38:58.676Z"}, "last_modified": {"$date": "2020-07-13T16:38:58.676Z"}}
{"_id": {"$oid": "5f0c8e6a48b4a52b2f8d89e5"}, "username": "julio", "name": "julio arrieche", "phone": "995010843", "dni": "261118351", "password": "$2b$12$d5c8pUkL/4ufq3TjkH75heq6rmy/zpP/bPIVWNXo8F3BCrCvRNTH2", "email": "juliocesararriechegonzalez@gmail.com", "rol": "2", "codRes": "00", "created_at": {"$date": "2020-07-13T16:40:10.405Z"}, "last_modified": {"$date": "2020-07-13T16:40:10.405Z"}}
{"_id": {"$oid": "5f0c8ea748b4a52b2f8d89e6"}, "username": "ricardo", "name": "ricardo", "phone": "948456092", "dni": "261079224", "password": "$2b$12$WWpZVP/BqSNpRFfQTvPy6OjCd5.9iGEztTl/mQTPfHGFFfwqwaQAK", "email": "rhrd15092518@gmail.com", "rol": "2", "codRes": "00", "created_at": {"$date": "2020-07-13T16:41:11.318Z"}, "last_modified": {"$date": "2020-07-13T16:41:11.318Z"}}
{"_id": {"$oid": "5f0c8fcb48b4a52b2f8d89e7"}, "username": "eudomar", "name": "eudomar gonzalez", "phone": "933751124", "dni": "076738469", "password": "$2b$12$0fiVXLhsU1YRh.g/rOpHLe4A9x8mMinQIDdiD5cvQmBgRXxL70be6", "email": "gonzalezeudomar53@gmail.com", "rol": "2", "codRes": "00", "created_at": {"$date": "2020-07-13T16:46:03.369Z"}, "last_modified": {"$date": "2020-07-13T16:46:03.369Z"}}
{"_id": {"$oid": "5f0c908e48b4a52b2f8d89e8"}, "username": "gustavo", "name": "gustavo montoya", "phone": "569570430", "dni": "271237391", "password": "$2b$12$3VU0DnkU53l/Mbn9tR0tlOnW5MVX4U09qrxbcoQOEtrEmcyIRDHi2", "email": "gustavomontoya083@gmail.com", "rol": "2", "codRes": "00", "created_at": {"$date": "2020-07-13T16:49:18.603Z"}, "last_modified": {"$date": "2020-07-13T16:49:18.603Z"}}
{"_id": {"$oid": "5f0c967248b4a52b2f8d89ea"}, "username": "makarena", "name": "Macarena salas", "phone": "569978037", "dni": "176084359", "password": "$2b$12$yhKwZ.r0uIKvyW49KiRYFO47jhXs.Uh5T9IENGxwVDmW89G7zzIZW", "email": "macarena_team@hotmail.com", "rol": "2", "codRes": "00", "created_at": {"$date": "2020-07-13T17:14:26.093Z"}, "last_modified": {"$date": "2020-07-13T17:14:26.093Z"}}
{"_id": {"$oid": "5f0ccd1f48b4a52b2f8d89ec"}, "username": "alex", "name": "alexander lozano", "phone": "942033108", "dni": "15577576", "password": "$2b$12$MtGX0Fcwk7XpnxZtggGSR.v.Z5CxC.5HZ6S0/P1wW7Y9920S.uwgm", "email": "alexanderlozanoparra@gmail.com", "rol": "2", "codRes": "00", "created_at": {"$date": "2020-07-13T21:07:43.002Z"}, "last_modified": {"$date": "2020-07-13T21:07:43.002Z"}}
{"_id": {"$oid": "5f169725b89808b4d970c67f"}, "username": "diegoatute10@gmail.com", "name": "diego matute", "phone": "933463245", "dni": "263825926", "password": "$2b$12$riUYb9eaX/d5P8UKbHCQtejjZuONSV04Lp.k4UwuxQitGvoUi6KDu", "email": "diegomatute10@gmail.com", "rol": "1", "codRes": "00", "created_at": "2020-07-21T07:20:05.615000", "last_modified": "2020-07-21T07:20:05.615000", "id_": "5f169725b89808b4d970c67f", "nameproveedor": null, "proveedor": null}
{"_id": {"$oid": "5f16d85fbd67346b78e3d038"}, "username": "moisesh", "name": "moises hernandez", "phone": "936807341", "dni": "20028444", "password": "$2b$12$/GCA17Ubz7f/qzVzxj9Kce6O4X1oZrbRAeMI/iUHfdN0GcMm8zE6y", "email": "ibuyumu1990@gmail.com", "rol": "2", "codRes": "00", "created_at": {"$date": "2020-07-21T11:58:23.523Z"}, "last_modified": {"$date": "2020-07-21T11:58:23.523Z"}}
{"_id": {"$oid": "5f1810a1b14cba4660e19284"}, "username": "EDILBERTO", "name": "EDILBERTO REYES", "phone": "981738929", "dni": "11111111", "password": "$2b$12$yhKwZ.r0uIKvyW49KiRYFO47jhXs.Uh5T9IENGxwVDmW89G7zzIZW", "email": "edilberto2013reyes@gmail.com", "rol": "2", "codRes": "00", "created_at": {"$date": "2020-07-22T10:10:41.412Z"}, "last_modified": {"$date": "2020-07-22T10:10:41.412Z"}}
{"_id": {"$oid": "5f1811b1b14cba4660e19285"}, "username": "anthony", "name": "anthonny mora ", "phone": "933034032", "dni": "222222222", "password": "$2b$12$NJHENqW32lOmJOGqMF5lT.iZ0035lB0bNR37K45UrCInIaKv8xwh6", "email": "anthonnychinita@gmail.com", "rol": "2", "codRes": "00", "created_at": {"$date": "2020-07-22T10:15:13.225Z"}, "last_modified": {"$date": "2020-07-22T10:15:13.225Z"}}
{"_id": {"$oid": "5f1e379467f9be38721fce05"}, "username": "ANTONYSOLORZANO", "name": "antony solorzano", "phone": "935712106", "dni": "265759203", "password": "$2b$12$6xGJIpkHhVrDq6n9ynAEcOrp5ZeneJrJ93UyQHhFImz993L.oP0gm", "email": "solorzanoscorp@gmail.com", "rol": "1", "codRes": "00", "created_at": "2020-07-27T02:10:28.727000", "last_modified": "2020-07-27T02:10:28.727000", "id_": "5f1e379467f9be38721fce05", "nameproveedor": null, "proveedor": null}
{"_id": {"$oid": "5f2eaa484d3f09d4f8b9d82d"}, "username": "CARLOS GOMEZ ", "name": "CARLOS GOMEZ ", "phone": "933381802", "dni": "264521424", "password": "$2b$12$ttKcF9iBaiMf0MVJBWpCP.G7bz5sOSCIOfGw6jx0hGJc3HYByyVJ.", "email": "gomezromero2014@gmail.com", "rol": "2", "codRes": "00", "created_at": {"$date": "2020-08-08T13:36:08.899Z"}, "last_modified": {"$date": "2020-08-08T13:36:08.899Z"}}
{"_id": {"$oid": "5f33881b9a7fc6b60916b083"}, "username": "pro", "name": "pro", "phone": "999999999", "dni": "999999999", "password": "$2b$12$yhKwZ.r0uIKvyW49KiRYFO47jhXs.Uh5T9IENGxwVDmW89G7zzIZW", "email": "pro@pro.com", "proveedor": "3", "nameproveedor": "SOKO BOX", "rol": "3", "codRes": "00", "created_at": {"$date": "2020-08-12T06:11:39.784Z"}, "last_modified": {"$date": "2020-08-12T06:11:39.784Z"}}
{"_id": {"$oid": "5f442ff99a7fc6b60916baba"}, "username": "Karen@gmail.com", "name": "Karen dognita", "phone": "569847624", "dni": "12345678", "password": "$2b$12$1VMXJgPU680eHyHXl/cKt.ZUU0UQrAvQan78V1mi9Q4AtKb11aDWq", "email": "karen@gmail.com", "proveedor": "14", "rol": "3", "codRes": "00", "nameproveedor": "DOGNITA", "created_at": {"$date": "2020-08-24T21:24:09.446Z"}, "last_modified": {"$date": "2020-08-24T21:24:09.446Z"}}
{"_id": {"$oid": "5f517105d62d2a3ffa295ff6"}, "username": "riritovar.05@gmail.com", "name": "Richard Tovar", "phone": "961306063", "dni": "148477197", "password": "$2b$12$9azQp1AD2rxSQByFAuJ5/ujXclRJihBFZwpxsjRIedqkltb1EfClW", "email": "riritovar.05@gmail.com", "proveedor": "null", "rol": "2", "codRes": "00", "created_at": {"$date": "2020-09-03T22:41:09.591Z"}, "last_modified": {"$date": "2020-09-03T22:41:09.591Z"}}
{"_id": {"$oid": "5f5436eb112ce9db5081a3d3"}, "username": "katherine_g_soza@live.com", "name": "Katherine gonzalez", "phone": "111111111", "dni": "186039092", "password": "$2b$12$2mVwIO0bkkmza5VvSvv3cu9mjjv0RtVQbbsB7lmD7KhFy8wqwkp3.", "email": "katherine_g_soza@live.com", "proveedor": "53", "nameproveedor": "SANTIAGO CHIC", "rol": "3", "codRes": "00", "created_at": {"$date": "2020-09-06T01:10:03.764Z"}, "last_modified": {"$date": "2020-09-06T01:10:03.764Z"}}
{"_id": {"$oid": "5f56441e005a2278cc0b6d24"}, "username": "carlosnieves@gmail.com", "name": "Nieves Carlos", "phone": "976453771", "dni": "097381026", "password": "$2b$12$2mVwIO0bkkmza5VvSvv3cu9mjjv0RtVQbbsB7lmD7KhFy8wqwkp3.", "email": "carlosnieves@gmail.com", "rol": "2", "codRes": "00", "created_at": {"$date": "2020-09-07T10:10:03.764Z"}, "last_modified": {"$date": "2020-09-07T10:10:03.764Z"}}
{"_id": {"$oid": "5f56ef93a30f35f87a29fb43"}, "username": "Claaudio_r14@hotmail.com", "name": "Claudio yk", "phone": "999999999", "dni": "111222333", "password": "$2b$12$oeztgxLMYc8oYu4amfH0Fem6jWOK4q8R7eUnS9T8EdeEVmE7k2jwO", "email": "claaudio_r14@hotmail.com", "proveedor": "37", "nameproveedor": "YK STORE", "rol": "3", "codRes": "00", "created_at": {"$date": "2020-09-08T02:42:27.716Z"}, "last_modified": {"$date": "2020-09-08T02:42:27.716Z"}}
{"_id": {"$oid": "5f56f100a30f35f87a29fb4e"}, "username": "Lukarulenceria@gmail.com", "name": "Aida lukaru", "phone": "888888999", "dni": "123432111", "password": "$2b$12$aEF2Gh.TjfUnSigWc80Yg.0Ch7.YUAw2yuhm.zscCvm7L/Hj6jaM.", "email": "lukarulenceria@gmail.com", "proveedor": "18", "nameproveedor": "LUKARU", "rol": "3", "codRes": "00", "created_at": {"$date": "2020-09-08T02:48:32.233Z"}, "last_modified": {"$date": "2020-09-08T02:48:32.233Z"}}
{"_id": {"$oid": "5f5c0e4ca30f35f87a29fe3d"}, "username": "felipe.cardenas.torres@gmail.com", "name": "Felipe cardenas", "phone": "123334344", "dni": "766377484", "password": "$2b$12$bQ/oFcAI8dgUNUJz/VOQ1.YfDRj/40K37mje5OMboaPfqdEz7wfoa", "email": "felipecardenastorres@gmail.com", "proveedor": "12", "nameproveedor": "GORROS.CL", "rol": "3", "codRes": "00", "created_at": {"$date": "2020-09-11T23:54:52.401Z"}, "last_modified": {"$date": "2020-09-11T23:54:52.401Z"}}
{"_id": {"$oid": "5f5c102da30f35f87a29fe3e"}, "username": "Loreproduccion@gmail.com", "name": "Lore lore", "phone": "877899777", "dni": "766884847", "password": "$2b$12$la5brljB.6./PJiWDiB2OeGWS6Pyn5sO1e5ComVGLJpzdmarNExBq", "email": "loreproduccion@gmail.com", "proveedor": "20", "nameproveedor": "Plateria exclusiva", "rol": "3", "codRes": "00", "created_at": {"$date": "2020-09-12T00:02:53.887Z"}, "last_modified": {"$date": "2020-09-12T00:02:53.887Z"}}
{"_id": {"$oid": "5f62a56aa30f35f87a2a010a"}, "username": "CAMIVOP@HOTMAIL.COM", "name": "CAMILA VICTORIA OLIVARES PULGAR ", "phone": "958698420", "dni": "211521864", "password": "$2b$12$xozLv/3.zCPcdCwA0dM7d./KaLpXvgXMCKyBtEgcjvx4Ccv7MB0Xe", "email": "camivop@hotmail.com", "proveedor": "56", "nameproveedor": "INFIOVIET", "rol": "3", "codRes": "00", "created_at": {"$date": "2020-09-16T23:53:14.539Z"}, "last_modified": {"$date": "2020-09-16T23:53:14.539Z"}}
{"_id": {"$oid": "5f63c7f8a30f35f87a2a01f5"}, "username": "invitado@gmail.com", "name": "Invi tado", "phone": "999888777", "dni": "999888777", "password": "$2b$12$wN25kz8WfDGhdYkfp72dXO68QqscBq6xEGgBpuiZJ.wKfCg/fmh4i", "email": "invitado@gmail.com", "proveedor": "null", "nameproveedor": null, "rol": "2", "codRes": "00", "created_at": {"$date": "2020-09-17T20:32:56.088Z"}, "last_modified": {"$date": "2020-09-17T20:32:56.088Z"}}
{"_id": {"$oid": "5f69fe81a30f35f87a2a036f"}, "username": "urdanetagabrielys@gmail.com", "name": "Urdaneta gabrielys", "phone": "113455778", "dni": "333444455", "password": "$2b$12$p4TZn7JGwww3VnYcxTKTkuOpmSXhNBvjt7x4iour4JkG.XRUcBqOe", "email": "urdanetagabrielys@gmail.com", "proveedor": "null", "nameproveedor": null, "rol": "2", "codRes": "00", "created_at": {"$date": "2020-09-22T13:39:13.137Z"}, "last_modified": {"$date": "2020-09-22T13:39:13.137Z"}}
{"_id": {"$oid": "5f6f93f5a30f35f87a2a0521"}, "username": "Kellyhartards@gmail.com", "name": "Kelly tards", "phone": "678482766", "dni": "12345422", "password": "$2b$12$mOqkRk0Jq5.ZBoX5n6ZRxudi8QIz2mwaXNwYGGKkO3t0cARlp51Ri", "email": "kellyhartards@gmail.com", "proveedor": "28", "nameproveedor": null, "rol": "3", "codRes": "00", "created_at": {"$date": "2020-09-26T19:18:13.305Z"}, "last_modified": {"$date": "2020-09-26T19:18:13.305Z"}}
{"_id": {"$oid": "5f726c73a30f35f87a2a05a4"}, "username": "golanimohit@gmail.com", "name": "Tabaquer\u00eda ", "phone": "999990000", "dni": "528475826", "password": "$2b$12$8vyJOwr1T4anWYztBTzdxOT1IywqFd4pmREyYjtSGPTMDHDd/Xd76", "email": "golanimohit@gmail.com", "proveedor": "2", "nameproveedor": null, "rol": "3", "codRes": "00", "created_at": {"$date": "2020-09-28T23:06:27.630Z"}, "last_modified": {"$date": "2020-09-28T23:06:27.630Z"}}
{"_id": {"$oid": "5f75ff51a30f35f87a2a0748"}, "username": "francisco24matiass@gmail.com", "name": "Francisco matias", "phone": "774826674", "dni": "668848372", "password": "$2b$12$Jdf6vht9Eum39q1rH2EaZeS4b8HYCoCEcIysjNpTA5uj8NGOa57EC", "email": "francisco24matiass@gmail.com", "proveedor": "59", "nameproveedor": null, "rol": "3", "codRes": "00", "created_at": {"$date": "2020-10-01T16:09:53.495Z"}, "last_modified": {"$date": "2020-10-01T16:09:53.495Z"}}
{"_id": {"$oid": "5f76973da30f35f87a2a07ca"}, "username": "claudiatoledo2016@umce.cl", "name": "Claudia toledo", "phone": "578865578", "dni": "674893737", "password": "$2b$12$uuDebDJh3UMEwef9E6E.CecuMGA51zAmtaoQj9oyRoiuvMwUxD/Pq", "email": "claudiatoledo2016@umce.cl", "proveedor": "42", "nameproveedor": "VENUS", "rol": "3", "codRes": "00", "created_at": {"$date": "2020-10-02T02:58:05.731Z"}, "last_modified": {"$date": "2020-10-02T02:58:05.731Z"}}
{"_id": {"$oid": "5f779399a30f35f87a2a07e4"}, "username": "danielaortizmadrid@gmail.com", "name": "Daniela ortiz", "phone": "784858959", "dni": "785838737", "password": "$2b$12$3h2M1xnxMEp/X8AsIUmWy.FjjrVx/vyvEDMYNzpmpXWO6YvaHdr.2", "email": "danielaortizmadrid@gmail.com", "proveedor": "60", "nameproveedor": "Huellas_petshop_", "rol": "3", "codRes": "00", "created_at": {"$date": "2020-10-02T20:54:49.550Z"}, "last_modified": {"$date": "2020-10-02T20:54:49.550Z"}}
{"_id": {"$oid": "5f77c334a30f35f87a2a07ef"}, "username": "beiacristalstore@gmail.com", "name": "Beia cristal Store", "phone": "764567887", "dni": "784663638", "password": "$2b$12$Fm3hRTi0hh2tZj5Aw8BQBep6hKRBUyGKgyaoEgFkMBxADYY8bmC4i", "email": "beiacristalstore@gmail.com", "proveedor": "61", "nameproveedor": "BEIA CRISTAL STORE", "rol": "3", "codRes": "00", "created_at": {"$date": "2020-10-03T00:17:56.985Z"}, "last_modified": {"$date": "2020-10-03T00:17:56.985Z"}}
{"_id": {"$oid": "5f812565a30f35f87a2a0ba3"}, "username": "luisjosegz31@gmail.com", "name": "Luis gonzalez", "phone": "943825229", "dni": "774893774", "password": "$2b$12$edSQsuBOz34tKCVPw/Sxt.AKrcTWxWCmQdaTeQfuuyZV.n/tUTy6C", "email": "luisjosegz31@gmail.com", "proveedor": "null", "nameproveedor": null, "rol": "2", "codRes": "00", "created_at": {"$date": "2020-10-10T03:07:17.608Z"}, "last_modified": {"$date": "2020-10-10T03:07:17.608Z"}}
{"_id": {"$oid": "5f870f3ea30f35f87a2a0cc3"}, "username": "maryshopcl@gmail.com", "name": "Mary shop", "phone": "777584939", "dni": "645894747", "password": "$2b$12$p9808ygIbcuaNSZ/yXnGxuNz8cFs4akaTsZ6GxdlVtp2IGfvpdUke", "email": "maryshopcl@gmail.com", "proveedor": "29", "nameproveedor": null, "rol": "3", "codRes": "00", "created_at": {"$date": "2020-10-14T14:46:22.774Z"}, "last_modified": {"$date": "2020-10-14T14:46:22.774Z"}}
{"_id": {"$oid": "5f879de5a30f35f87a2a0cff"}, "username": "administracion@quecoreana.cl", "name": "Jasna villarroel", "phone": "766848949", "dni": "765667888", "password": "$2b$12$1rNMavIPMCyUMrdlqz.NbesrXGjAyT3mNP8cZHkJS4ITM/2PiPL3e", "email": "administracion@quecoreana.cl", "proveedor": "68", "nameproveedor": null, "rol": "3", "codRes": "00", "created_at": {"$date": "2020-10-15T00:55:01.408Z"}, "last_modified": {"$date": "2020-10-15T00:55:01.408Z"}}
{"_id": {"$oid": "5f87a6b6a30f35f87a2a0d30"}, "username": "prueba@gmail.com", "name": "Jasna villa", "phone": "888588474", "dni": "766789776", "password": "$2b$12$rc0ePfYeyM9iJ5y1xr.OL.C1uReG00Zb8//B.8b5GSoYT2d4hT2iG", "email": "prueba@gmail.com", "proveedor": "67", "nameproveedor": null, "rol": "3", "codRes": "00", "created_at": {"$date": "2020-10-15T01:32:38.087Z"}, "last_modified": {"$date": "2020-10-15T01:32:38.087Z"}}
{"_id": {"$oid": "5f88a58da30f35f87a2a0d5d"}, "username": "kari23mbo@gmail.com", "name": "Mar\u00eda eukaris", "phone": "984155525", "dni": "269508612", "password": "$2b$12$1Y5IMhZuS2AyPhkK0v5JoOzK7l5Ed9YPOmImyu0HxkSlnIce8nXaa", "email": "kari23mbo@gmail.com", "proveedor": "67", "nameproveedor": null, "rol": "3", "codRes": "00", "created_at": {"$date": "2020-10-15T19:39:57.595Z"}, "last_modified": {"$date": "2020-10-15T19:39:57.595Z"}}
{"_id": {"$oid": "5f8b056aa30f35f87a2a0e50"}, "username": "simon@gmail.com", "name": "simon movil", "phone": "775678886", "dni": "876557886", "password": "$2b$12$kml0pF9wd1KgSgft.Ab7oOxTSUGIM/9VrYix4BsqDqgseqkSFQN/K", "email": "simon@gmail.com", "proveedor": "null", "nameproveedor": null, "rol": "2", "codRes": "00", "created_at": {"$date": "2020-10-17T14:53:30.854Z"}, "last_modified": {"$date": "2020-10-17T14:53:30.854Z"}}
{"_id": {"$oid": "5f9a03b29734344334391070"}, "username": "juankaus@gmail.com", "name": "Juan usma", "phone": "866788767", "dni": "657886688", "password": "$2b$12$oA17nUVV2BiwBzOWeC70KupvFW1ctBrNN882kaWrWak76GzsIOcsS", "email": "juankaus@gmail.com", "proveedor": "null", "nameproveedor": null, "rol": "1", "codRes": "00", "created_at": {"$date": "2020-10-28T23:50:10.486Z"}, "last_modified": {"$date": "2020-10-28T23:50:10.486Z"}}
{"_id": {"$oid": "5f9ff9f697343443343910fc"}, "username": "tienditadegaspar@gmail.com", "name": "V\u00edctor correa", "phone": "736366478", "dni": "636378483", "password": "$2b$12$oV72mMaA7/o25cUlthgvoe/IZ6LGHuY3l6WTEJx5yjW6b8PPqjRlK", "email": "tienditadegaspar@gmail.com", "proveedor": "75", "nameproveedor": "TIENDITA DE GASPAR", "rol": "3", "codRes": "00", "created_at": {"$date": "2020-11-02T12:22:14.815Z"}, "last_modified": {"$date": "2020-11-02T12:22:14.815Z"}}
{"_id": {"$oid": "5fa1b8369734344334391153"}, "username": "pmoragaschaaf@gmail.com", "name": "Mora chaaf", "phone": "775773927", "dni": "748488272", "password": "$2b$12$5.Qf/yssfntyzHWfhV2ukunBIL5mmAIo5tGy0yKxgZ0f5aZLL43C2", "email": "pmoragaschaaf@gmail.com", "proveedor": "78", "nameproveedor": null, "rol": "3", "codRes": "00", "created_at": {"$date": "2020-11-03T20:06:14.470Z"}, "last_modified": {"$date": "2020-11-03T20:06:14.470Z"}}
{"_id": {"$oid": "5fa480b197343443343911fe"}, "username": "TODONLINNE@GMAIL.COM", "name": "LUIS GUDI\u00d1O ", "phone": "949060211", "dni": "269285192", "password": "$2b$12$kR7hoRfIrWoW44ysCogHR.inqqPE3sJ72CRRr3MbxRf8f4a.LtqrC", "email": "todonlinee@gmail.com", "proveedor": "84", "nameproveedor": "TODO ONLINE ", "rol": "3", "codRes": "00", "created_at": "2020-11-05T22:46:09.927000", "last_modified": "2020-11-05T22:46:09.927000", "id_": "5fa480b197343443343911fe"}
{"_id": {"$oid": "5fa8c0b197343443343912b7"}, "username": "yescobar@cetortillas.cl", "name": "yanira escobar salda\u00f1a", "phone": "999190621", "dni": "770805015", "password": "$2b$12$I62IFyjM.rZpdRE35n2xN.Y3cu61QKZ4Br4ThIsLN60rG/Kx6k4Q2", "email": "yescobar@cetortillas.cl", "proveedor": "88", "nameproveedor": "CETORTILLAS.CL ", "rol": "3", "codRes": "00", "created_at": {"$date": "2020-11-09T04:08:17.342Z"}, "last_modified": {"$date": "2020-11-09T04:08:17.342Z"}}
{"_id": {"$oid": "5faa709e9734344334391311"}, "username": "mcboexport@gmail.com", "name": " Mcbo export", "phone": "667478488", "dni": "287364929", "password": "$2b$12$JL9JFnhaHUvOhoMxzjKP9uCZ.6oHtWC3avSodWXih4xcEuZiYcAE2", "email": "mcboexport@gmail.com", "proveedor": "92", "nameproveedor": null, "rol": "3", "codRes": "00", "created_at": {"$date": "2020-11-10T10:51:10.398Z"}, "last_modified": {"$date": "2020-11-10T10:51:10.398Z"}}
{"_id": {"$oid": "5fab56b49734344334391338"}, "username": "isaack2896@gmail.con", "name": "Ipasol prov", "phone": "665789966", "dni": "775678866", "password": "$2b$12$2a9PS2BPVGdkqntd0AggE.xD3grbxqq4DbXlVLILVWgVNUGDEypbu", "email": "isaack2896@gmail.con", "proveedor": "80", "nameproveedor": null, "rol": "3", "codRes": "00", "created_at": {"$date": "2020-11-11T03:12:52.467Z"}, "last_modified": {"$date": "2020-11-11T03:12:52.467Z"}}
{"_id": {"$oid": "5fac2027973434433439134b"}, "username": "patineschiles@gmail.com", "name": "Patines chile", "phone": "664895926", "dni": "667489272", "password": "$2b$12$LBto39JMcPW.kRcxQPrcUuIvmb1xkGHkfPb/Q75cWMc5aG4WQw/mm", "email": "patineschiles@gmail.com", "proveedor": "90", "nameproveedor": null, "rol": "3", "codRes": "00", "created_at": {"$date": "2020-11-11T17:32:23.566Z"}, "last_modified": {"$date": "2020-11-11T17:32:23.566Z"}}
{"_id": {"$oid": "5fafe17097343443343913fb"}, "username": "A.davila@grupoimportaciones.cl", "name": "comercial davila ", "phone": "930990005", "dni": "770698677", "password": "$2b$12$YE37o/RL5ZCucc6kJpLwm.DWm/7XMtb762OJbeKX9/2Q0cGN0eGsW", "email": "A.davila@grupoimportaciones.cl", "proveedor": "97", "nameproveedor": "GRUPO IMPORTACIONES CHILE", "rol": "3", "codRes": "00", "created_at": "2020-11-14T13:53:52.180000", "last_modified": "2020-11-14T13:53:52.180000", "id_": "5fafe17097343443343913fb"}
{"_id": {"$oid": "5fafe57b97343443343913fc"}, "username": "adavila@grupoimportaciones.cl", "name": "D\u00e1vila group", "phone": "764885883", "dni": "766488363", "password": "$2b$12$ekaimzwO7gPt1R2PLEslJO8aPOmz5ITXmayYdQ2H23FZqEkqmlxAm", "email": "adavila@grupoimportaciones.cl", "proveedor": "97", "nameproveedor": null, "rol": "3", "codRes": "00", "created_at": {"$date": "2020-11-14T14:11:07.049Z"}, "last_modified": {"$date": "2020-11-14T14:11:07.049Z"}}
{"_id": {"$oid": "5fb2ba859734344334391406"}, "username": "robinsonmenesesm@gmail.com", "name": "robinson meneses", "phone": "940736042", "dni": "181847239", "password": "$2b$12$m.72uXg4L8IfqdYbvku9YelOig0dDiIM93Sxqc3S.B51WH/Kr2ziW", "email": "robinsonmenesesm@gmail.com", "proveedor": "91", "nameproveedor": "OUTLEKFITCHILE", "rol": "3", "codRes": "00", "created_at": {"$date": "2020-11-16T17:44:37.366Z"}, "last_modified": {"$date": "2020-11-16T17:44:37.366Z"}}
{"_id": {"$oid": "5fb54ed1973434433439146a"}, "username": "juanluisgolindano671@gmail.com", "name": "Juan golindano", "phone": "765577755", "dni": "656748366", "password": "$2b$12$toqooTJz8Uh7GIuCi5cYu.WmbokLEfXNlcm4Zo/3B2oO.e9D9JmrW", "email": "juanluisgolindano671@gmail.com", "proveedor": "98", "nameproveedor": null, "rol": "3", "codRes": "00", "created_at": {"$date": "2020-11-18T16:41:53.759Z"}, "last_modified": {"$date": "2020-11-18T16:41:53.759Z"}}
{"_id": {"$oid": "5fb6c6b397343443343914cd"}, "username": "javierasaavedra@gmail.com", "name": "javiera saavedra ", "phone": "950194925", "dni": "172504140", "password": "$2b$12$mhu6WCKNXIBORt/1K0NrLu9W9AFIiUhBuRCTQIyFNwJLHWH2pee8S", "email": "javierasaavedra@gmail.com", "proveedor": "99", "nameproveedor": "BODY EXTRA LINDAS", "rol": "3", "codRes": "00", "created_at": {"$date": "2020-11-19T19:25:39.932Z"}, "last_modified": {"$date": "2020-11-19T19:25:39.932Z"}}
{"_id": {"$oid": "5fb6cdbe97343443343914ce"}, "username": "ventascasacontigo@gmail.com", "name": "Isadora Torres", "phone": "933499036", "dni": "272246483", "password": "$2b$12$AibfZPeHCuHzz4.aTfQcEu3b4QzZ2UGBwyZ6pjO82ahfjkWfUHwSe", "email": "ventascasacontigo@gmail.com", "proveedor": "70", "nameproveedor": "Casa contigo", "rol": "3", "codRes": "00", "created_at": {"$date": "2020-11-19T19:55:42.937Z"}, "last_modified": {"$date": "2020-11-19T19:55:42.937Z"}}
{"_id": {"$oid": "5fb7f7299734344334391509"}, "username": "diego@gmail.com", "name": "Diego movil", "phone": "866789656", "dni": "766786678", "password": "$2b$12$dP.jRkzFwm9hK/rPDT6qf.YUAdk1q/E8LBnvryglUn1YxYFrsHcke", "email": "diego@gmail.com", "proveedor": "null", "nameproveedor": null, "rol": "2", "codRes": "00", "created_at": {"$date": "2020-11-20T17:04:41.732Z"}, "last_modified": {"$date": "2020-11-20T17:04:41.732Z"}}
{"_id": {"$oid": "5fb9219e9734344334391547"}, "username": "eduard@gmail.com", "name": "Eduard mi pri", "phone": "765567888", "dni": "765578876", "password": "$2b$12$OlPao0cqTCMHaFoPp9RF8OwbppSranCRv5isE59BFTP9TlZR6Fxi2", "email": "eduard@gmail.com", "proveedor": "null", "nameproveedor": null, "rol": "2", "codRes": "00", "created_at": {"$date": "2020-11-21T14:18:06.092Z"}, "last_modified": {"$date": "2020-11-21T14:18:06.092Z"}}
{"_id": {"$oid": "5fb921ca9734344334391548"}, "username": "anthony@gmail.com", "name": "Anthony movil", "phone": "876556788", "dni": "765578865", "password": "$2b$12$vpRoVHFdzQS8laBQ6lies.rtwXnyd2PLRqh9xoNMYagZKAWpvUdjO", "email": "anthony@gmail.com", "proveedor": "null", "nameproveedor": null, "rol": "2", "codRes": "00", "created_at": {"$date": "2020-11-21T14:18:50.635Z"}, "last_modified": {"$date": "2020-11-21T14:18:50.635Z"}}
