{"_id": {"$oid": "5ebb53959630162a7c2111b8"}, "jsonError": ["32"], "consignado": "alex vicuna", "nroDocConsignado": "7154525", "direccion": "jose parod 152", "ubigeo": "150141", "codigoRastreo": 24931, "observacion": "ARETES FIORELLA", "montoArticulo": 17.5, "receptor": "", "rucSeller": "20600721021", "ubigeoSeller": "150141", "seller": "TUT LOGISTIC PERU S.A.C.", "direccionSeller": "CALLE ANDREA DEL SARTO 247 URBANIZACI\u00d3N CALERA DE LAMERCED - SURQUILLO", "contacto": "VICTOR RICARDO ITURBE CABANILLAS", "telefono": "013379842 / 989415253", "codClienteRucDni": "20600721021", "total": 0, "formaPago": "PPD", "tipoEnvio": "10", "altoEnvio": 0, "anchoEnvio": 0, "largoEnvio": 0, "pesoUnitario": 0, "codContenedor": 2}
{"_id": {"$oid": "5ebb53989630162a7c2111b9"}, "emision": "18", "lista": [], "remito": "01087664", "consignado": "JHONATAN CABANILAS", "nroDocConsignado": "76515411", "direccion": "sant domngo mz b lote 10", "ubigeo": "150141", "codigoRastreo": 24975, "observacion": "ZAPATILLA BLANCO - 38", "montoArticulo": 49, "receptor": "", "rucSeller": "20600721021", "ubigeoSeller": "150141", "seller": "TUT LOGISTIC PERU S.A.C.", "direccionSeller": "CALLE ANDREA DEL SARTO 247 URBANIZACI\u00d3N CALERA DE LAMERCED - SURQUILLO", "contacto": "VICTOR RICARDO ITURBE CABANILLAS", "telefono": "013379842 / 989415253", "codClienteRucDni": "20600721021", "total": 0, "formaPago": "PPD", "tipoEnvio": "10", "altoEnvio": 0, "anchoEnvio": 0, "largoEnvio": 0, "pesoUnitario": 2, "codContenedor": 2}
{"_id": {"$oid": "5ebb563d9630162a7c2111ba"}, "emision": "18", "lista": [], "remito": "01087665", "consignado": "alex vicuna", "nroDocConsignado": "7154525", "direccion": "jose parod 152", "ubigeo": "150141", "codigoRastreo": 24931, "observacion": "ARETES FIORELLA", "montoArticulo": 17.5, "receptor": "", "rucSeller": "20600721021", "ubigeoSeller": "150141", "seller": "TUT LOGISTIC PERU S.A.C.", "direccionSeller": "CALLE ANDREA DEL SARTO 247 URBANIZACI\u00d3N CALERA DE LAMERCED - SURQUILLO", "contacto": "VICTOR RICARDO ITURBE CABANILLAS", "telefono": "013379842 / 989415253", "codClienteRucDni": "20600721021", "total": 0, "formaPago": "PPD", "tipoEnvio": "10", "altoEnvio": 0, "anchoEnvio": 0, "largoEnvio": 0, "pesoUnitario": 2, "codContenedor": 2}
{"_id": {"$oid": "5ebbf6d29630162a7c2111bb"}, "emision": "18", "lista": [], "remito": "01087666", "consignado": "Adriana Palomino Cuba", "nroDocConsignado": "72467365", "direccion": "Av Del Ejercito 397", "ubigeo": "150141", "codigoRastreo": 24150, "observacion": "Sandalias Spark - Marca Tiara - 36.5, Palo Rosa", "montoArticulo": 33, "receptor": "", "rucSeller": "20600721021", "ubigeoSeller": "150141", "seller": "TUT LOGISTIC PERU S.A.C.", "direccionSeller": "CALLE ANDREA DEL SARTO 247 URBANIZACI\u00d3N CALERA DE LAMERCED - SURQUILLO", "contacto": "VICTOR RICARDO ITURBE CABANILLAS", "telefono": "013379842 / 989415253", "codClienteRucDni": "20600721021", "total": 0, "formaPago": "PPD", "tipoEnvio": "10", "altoEnvio": 0, "anchoEnvio": 0, "largoEnvio": 0, "pesoUnitario": 2, "codContenedor": 2}
{"_id": {"$oid": "5ebc73b69630162a7c2111bc"}, "emision": "18", "lista": [], "remito": "01087668", "consignado": "JHONATAN CABANILAS", "nroDocConsignado": "76515411", "direccion": "sant domngo mz b lote 10", "ubigeo": "150141", "codigoRastreo": 24975, "observacion": "ZAPATILLA BLANCO - 38", "montoArticulo": 49, "receptor": "", "rucSeller": "20600721021", "ubigeoSeller": "150141", "seller": "TUT LOGISTIC PERU S.A.C.", "direccionSeller": "CALLE ANDREA DEL SARTO 247 URBANIZACI\u00d3N CALERA DE LAMERCED - SURQUILLO", "contacto": "VICTOR RICARDO ITURBE CABANILLAS", "telefono": "013379842 / 989415253", "codClienteRucDni": "20600721021", "total": 0, "formaPago": "PPD", "tipoEnvio": "10", "altoEnvio": 0, "anchoEnvio": 0, "largoEnvio": 0, "pesoUnitario": 2, "codContenedor": 2}
