{"_id": {"$oid": "5fb830a80251ef0efcaf5ca8"}, "codigoProducto": "13", "codigoRCI": 1.0, "cantidadCuotas": 12.0, "tasa": 0.69, "factorRecaudo": 1.0, "plazoGracia": 0.0, "atu": true, "ingresoNeto": 3037.0, "ImporteCargaFamiliar": 1113.0, "RCImaximo": 0.9}
{"_id": {"$oid": "5fb830fb0251ef0efcaf5ca9"}, "codigoProducto": "13", "codigoRCI": 2.0, "cantidadCuotas": 12.0, "tasa": 0.69, "factorRecaudo": 1.0, "plazoGracia": 0.0, "atu": false, "ingresoNeto": 3037.0, "ImporteCargaFamiliar": 1113.0, "RCImaximo": 0.9}
{"_id": {"$oid": "5fb831f40251ef0efcaf5cac"}, "codigoProducto": "13", "codigoRCI": 3.0, "cantidadCuotas": 12.0, "tasa": 0.69, "factorRecaudo": 1.0, "plazoGracia": 0.0, "atu": true, "ingresoNeto": 3037.0, "ImporteCargaFamiliar": 1113.0, "RCImaximo": 0.9}
{"_id": {"$oid": "5fb831fb0251ef0efcaf5cad"}, "codigoProducto": "13", "codigoRCI": 4.0, "cantidadCuotas": 12.0, "tasa": 0.69, "factorRecaudo": 1.0, "plazoGracia": 0.0, "atu": false, "ingresoNeto": 3037.0, "ImporteCargaFamiliar": 1113.0, "RCImaximo": 0.9}
{"_id": {"$oid": "5fb8323a0251ef0efcaf5cae"}, "codigoProducto": "17", "codigoRCI": 5.0, "cantidadCuotas": 12.0, "tasa": 0.69, "factorRecaudo": 1.0, "plazoGracia": 0.0, "atu": true, "ingresoNeto": 3037.0, "ImporteCargaFamiliar": 1113.0, "RCImaximo": 0.9}
